iso,iso_a2,iso_a3,flag,long,long_gender,long_en,short,short_gender,short_en,capital,capital_en,national_m,national_f,nationality,sov_status
004,AF,AFG,https://upload.wikimedia.org/wikipedia/commons/thumb/c/cd/Flag_of_Afghanistan_%282013%E2%80%932021%29.svg/23px-Flag_of_Afghanistan_%282013%E2%80%932021%29.svg.png,Islamische Republik Afghanistan,feminine,The Islamic Republic of Afghanistan,Afghanistan,neuter,Afghanistan,Kabul,Kabul,Afghane,Afghanin,afghanisch,UN member state
248,AX,ALA,https://upload.wikimedia.org/wikipedia/commons/thumb/5/52/Flag_of_%C3%85land.svg/23px-Flag_of_%C3%85land.svg.png,die Ålandinseln,feminine,The Åland Islands,die Ålandinseln,plural,Åland Islands,Mariehamn,Mariehamn,Aländer,Aländerin,åländisch,Finland
008,AL,ALB,https://upload.wikimedia.org/wikipedia/commons/thumb/3/36/Flag_of_Albania.svg/21px-Flag_of_Albania.svg.png,Republik Albanien,feminine,The Republic of Albania,Albanien,neuter,Albania,Tirana,Tirana,Albaner,Albanerin,albanisch,UN member state
012,DZ,DZA,https://upload.wikimedia.org/wikipedia/commons/thumb/7/77/Flag_of_Algeria.svg/23px-Flag_of_Algeria.svg.png,Demokratische Volksrepublik Algerien,feminine,The People's Democratic Republic of Algeria,Algerien,neuter,Algeria,Algier,Algiers,Algerier,Algerierin,algerisch,UN member state
016,AS,ASM,https://upload.wikimedia.org/wikipedia/commons/thumb/8/87/Flag_of_American_Samoa.svg/23px-Flag_of_American_Samoa.svg.png,das Territorium Amerikanisch-Samoa,neuter,The Territory of American Samoa,Amerikanisch-Samoa,neuter,American Samoa,Pago Pago,Pago Pago,Samoaner,Samoanerin,samoanisch,United States
020,AD,AND,https://upload.wikimedia.org/wikipedia/commons/thumb/1/19/Flag_of_Andorra.svg/22px-Flag_of_Andorra.svg.png,das Fürstentum Andorra,neuter,The Principality of Andorra,Andorra,neuter,Andorra,Andorra la Vella,Andorra-la-Vella,Andorraner,Andorranerin,andorranisch,UN member state
024,AO,AGO,https://upload.wikimedia.org/wikipedia/commons/thumb/9/9d/Flag_of_Angola.svg/23px-Flag_of_Angola.svg.png,Republik Angola,feminine,The Republic of Angola,Angola,neuter,Angola,Luanda,Luanda,Angolaner,Angolanerin,angolanisch,UN member state
660,AI,AIA,https://upload.wikimedia.org/wikipedia/commons/thumb/b/b4/Flag_of_Anguilla.svg/23px-Flag_of_Anguilla.svg.png,Anguilla,neuter,Anguilla,Anguilla,neuter,Anguilla,The Valley,The Valley,,,,United Kingdom
010,AQ,ATA,,Antarktis,feminine,Antarctica,Antarktis,neuter,Antarctica,,,,,,Antarctic Treaty
028,AG,ATG,https://upload.wikimedia.org/wikipedia/commons/thumb/8/89/Flag_of_Antigua_and_Barbuda.svg/23px-Flag_of_Antigua_and_Barbuda.svg.png,Antigua und Barbuda,neuter,Antigua and Barbuda,Antigua und Barbuda,neuter,Antigua and Barbuda,St. John's,St. John's,Antiguaner,Antiguanerin,antiguanisch,UN member state
032,AR,ARG,https://upload.wikimedia.org/wikipedia/commons/thumb/1/1a/Flag_of_Argentina.svg/23px-Flag_of_Argentina.svg.png,Argentinische Republik,feminine,The Argentine Republic,Argentinien,neuter,Argentina,Buenos Aires,Buenos Aires,Argentinier,Argentinierin,argentinisch,UN member state
051,AM,ARM,https://upload.wikimedia.org/wikipedia/commons/thumb/2/2f/Flag_of_Armenia.svg/23px-Flag_of_Armenia.svg.png,Republik Armenien,feminine,The Republic of Armenia,Armenien,neuter,Armenia,Eriwan,Yerevan,Armenier,Armenierin,armenisch,UN member state
533,AW,ABW,https://upload.wikimedia.org/wikipedia/commons/thumb/f/f6/Flag_of_Aruba.svg/23px-Flag_of_Aruba.svg.png,Aruba,neuter,Aruba,Aruba,neuter,Aruba,Oranjestad,Oranjestad,,,,Netherlands
036,AU,AUS,https://upload.wikimedia.org/wikipedia/commons/thumb/8/88/Flag_of_Australia_%28converted%29.svg/23px-Flag_of_Australia_%28converted%29.svg.png,Australien,neuter,The Commonwealth of Australia,Australien,neuter,Australia,Canberra,Canberra,Australier,Australierin,australisch,UN member state
040,AT,AUT,https://upload.wikimedia.org/wikipedia/commons/thumb/4/41/Flag_of_Austria.svg/23px-Flag_of_Austria.svg.png,Republik Österreich,feminine,The Republic of Austria,Österreich,neuter,Austria,Wien,Vienna,Österreicher,Österreicherin,österreichisch,UN member state
031,AZ,AZE,https://upload.wikimedia.org/wikipedia/commons/thumb/d/dd/Flag_of_Azerbaijan.svg/23px-Flag_of_Azerbaijan.svg.png,Republik Aserbaidschan,feminine,The Republic of Azerbaijan,Aserbaidschan,neuter,Azerbaijan,Baku,Baku,Aserbaidschaner,Aserbaidschanerin,aserbaidschanisch,UN member state
044,BS,BHS,https://upload.wikimedia.org/wikipedia/commons/thumb/9/93/Flag_of_the_Bahamas.svg/23px-Flag_of_the_Bahamas.svg.png,das Commonwealth der Bahamas,neuter,The Commonwealth of The Bahamas,die Bahamas,plural,Bahamas (the),Nassau,Nassau,Bahamaer,Bahamaerin,bahamaisch,UN member state
048,BH,BHR,https://upload.wikimedia.org/wikipedia/commons/thumb/2/2c/Flag_of_Bahrain.svg/23px-Flag_of_Bahrain.svg.png,das Königreich Bahrain,neuter,The Kingdom of Bahrain,Bahrain,neuter,Bahrain,Manama,Manama,Bahrainer,Bahrainerin,bahrainisch,UN member state
050,BD,BGD,https://upload.wikimedia.org/wikipedia/commons/thumb/f/f9/Flag_of_Bangladesh.svg/23px-Flag_of_Bangladesh.svg.png,Volksrepublik Bangladesch,feminine,The People's Republic of Bangladesh,Bangladesch,neuter,Bangladesh,Dhaka,Dhaka,Bangladescher,Bangladescherin,bangladeschisch,UN member state
052,BB,BRB,https://upload.wikimedia.org/wikipedia/commons/thumb/e/ef/Flag_of_Barbados.svg/23px-Flag_of_Barbados.svg.png,Barbados,neuter,Barbados,Barbados,neuter,Barbados,Bridgetown,Bridgetown,Barbadier,Barbadierin,barbadisch,UN member state
112,BY,BLR,https://upload.wikimedia.org/wikipedia/commons/thumb/8/85/Flag_of_Belarus.svg/23px-Flag_of_Belarus.svg.png,Republik Belarus,feminine,The Republic of Belarus,Belarus,neuter,Belarus,Minsk,Minsk,Belarusse,Belarussin,belarussisch,UN member state
056,BE,BEL,https://upload.wikimedia.org/wikipedia/commons/thumb/9/92/Flag_of_Belgium_%28civil%29.svg/23px-Flag_of_Belgium_%28civil%29.svg.png,das Königreich Belgien,neuter,The Kingdom of Belgium,Belgien,neuter,Belgium,Brüssel,Brussels,Belgier,Belgierin,belgisch,UN member state
084,BZ,BLZ,https://upload.wikimedia.org/wikipedia/commons/thumb/e/e7/Flag_of_Belize.svg/23px-Flag_of_Belize.svg.png,Belize,neuter,Belize,Belize,neuter,Belize,Belmopan,Belmopan,Belizer,Belizerin,belizisch,UN member state
204,BJ,BEN,https://upload.wikimedia.org/wikipedia/commons/thumb/0/0a/Flag_of_Benin.svg/23px-Flag_of_Benin.svg.png,Republik Benin,feminine,The Republic of Benin,Benin,neuter,Benin,Porto Novo,Porto-Novo,Beniner,Beninerin,beninisch,UN member state
060,BM,BMU,https://upload.wikimedia.org/wikipedia/commons/thumb/b/bf/Flag_of_Bermuda.svg/23px-Flag_of_Bermuda.svg.png,,neuter,Bermuda,Bermuda/die Bermudas,plural,Bermuda,Hamilton,Hamilton,Bermuder,Bermuderin,bermudisch,United Kingdom
064,BT,BTN,https://upload.wikimedia.org/wikipedia/commons/thumb/9/91/Flag_of_Bhutan.svg/23px-Flag_of_Bhutan.svg.png,das Königreich Bhutan,neuter,The Kingdom of Bhutan,Bhutan,neuter,Bhutan,Thimphu,Thimphu,Bhutaner,Bhutanerin,bhutanisch,UN member state
068,BO,BOL,https://upload.wikimedia.org/wikipedia/commons/thumb/b/b3/Bandera_de_Bolivia_%28Estado%29.svg/22px-Bandera_de_Bolivia_%28Estado%29.svg.png,Plurinationale Staat Bolivien,masculine,The Plurinational State of Bolivia,Plurinationale Staat Bolivien,masculine,The Plurinational State of Bolivia,Sucre,Sucre,Bolivianer,Bolivianerin,bolivianisch,UN member state
535,BQ,BES,https://upload.wikimedia.org/wikipedia/commons/thumb/1/1e/Flag_of_Bonaire.svg/23px-Flag_of_Bonaire.svg.png,"Bonaire, Saba und St. Eustаtius",none,"Bonaire, Saba and Saint Eustatius","Bonaire, Saba und St. Eustаtius",none,"Bonaire, Saba and Saint Eustatius",,,,,,Netherlands
070,BA,BIH,https://upload.wikimedia.org/wikipedia/commons/thumb/b/bf/Flag_of_Bosnia_and_Herzegovina.svg/23px-Flag_of_Bosnia_and_Herzegovina.svg.png,Bosnien und Herzegowina,neuter,Bosnia and Herzegovina,Bosnien und Herzegowina,neuter,Bosnia and Herzegovina,Sarajewo,Sarajevo,von Bosnien und Herzegowina,von Bosnien und Herzegowina,bosnisch-herzegowinisch,UN member state
072,BW,BWA,https://upload.wikimedia.org/wikipedia/commons/thumb/f/fa/Flag_of_Botswana.svg/23px-Flag_of_Botswana.svg.png,Republik Botsuana,feminine,The Republic of Botswana,Botsuana,neuter,Botswana,Gaborone,Gaborone,Botsuaner,Botsuanerin,botsuanisch,UN member state
074,BV,BVT,https://upload.wikimedia.org/wikipedia/commons/thumb/d/d9/Flag_of_Norway.svg/21px-Flag_of_Norway.svg.png,Bouvetinsel,feminine,Bouvet Island,Bouvetinsel,neuter,Bouvet Island,,,,,,Norway
076,BR,BRA,https://upload.wikimedia.org/wikipedia/en/thumb/0/05/Flag_of_Brazil.svg/22px-Flag_of_Brazil.svg.png,Föderative Republik Brasilien,feminine,The Federative Republic of Brazil,Brasilien,neuter,Brazil,Brasilia,Brasília,Brasilianer,Brasilianerin,brasilianisch,UN member state
086,IO,IOT,https://upload.wikimedia.org/wikipedia/commons/thumb/6/65/Flag_of_the_Commissioner_of_the_British_Indian_Ocean_Territory.svg/23px-Flag_of_the_Commissioner_of_the_British_Indian_Ocean_Territory.svg.png,das Britische Territorium im Indischen Ozean,neuter,The British Indian Ocean Territory,Britisches Territorium im Indischen Ozean,neuter,British Indian Ocean Territory (the),Diego Garcia,,,,,United Kingdom
096,BN,BRN,https://upload.wikimedia.org/wikipedia/commons/thumb/9/9c/Flag_of_Brunei.svg/23px-Flag_of_Brunei.svg.png,Brunei Darussalam,neuter,Brunei Darussalam,Brunei Darussalam,neuter,Brunei Darussalam,Bandar Seri Begawan,Bandar Seri Begawan,Bruneier,Bruneierin,bruneiisch,UN member state
100,BG,BGR,https://upload.wikimedia.org/wikipedia/commons/thumb/9/9a/Flag_of_Bulgaria.svg/23px-Flag_of_Bulgaria.svg.png,Republik Bulgarien,feminine,The Republic of Bulgaria,Bulgarien,neuter,Bulgaria,Sofia,Sofia,Bulgare,Bulgarin,bulgarisch,UN member state
854,BF,BFA,https://upload.wikimedia.org/wikipedia/commons/thumb/3/31/Flag_of_Burkina_Faso.svg/23px-Flag_of_Burkina_Faso.svg.png,Burkina Faso,neuter,Burkina Faso,Burkina Faso,neuter,Burkina Faso,Ouagadougou,Ouagadougou,Burkiner,Burkinerin,burkinisch,UN member state
108,BI,BDI,https://upload.wikimedia.org/wikipedia/commons/thumb/5/50/Flag_of_Burundi.svg/23px-Flag_of_Burundi.svg.png,Republik Burundi,feminine,The Republic of Burundi,Burundi,neuter,Burundi,Gitega,Gitega,Burundier,Burundierin,burundisch,UN member state
132,CV,CPV,https://upload.wikimedia.org/wikipedia/commons/thumb/3/38/Flag_of_Cape_Verde.svg/23px-Flag_of_Cape_Verde.svg.png,Republik Cabo Verde,feminine,The Republic of Cabo Verde,Cabo Verde,neuter,Cabo Verde,Praia,Praia,von Cabo Verde,von Cabo Verde,von Cabo Verde,UN member state
116,KH,KHM,https://upload.wikimedia.org/wikipedia/commons/thumb/8/83/Flag_of_Cambodia.svg/23px-Flag_of_Cambodia.svg.png,Königreich Kambodscha,neuter,The Kingdom of Cambodia,Kambodscha,neuter,Cambodia,Phnom Penh,Phnom Penh,Kambodschaner,Kambodschanerin,kambodschanisch,UN member state
120,CM,CMR,https://upload.wikimedia.org/wikipedia/commons/thumb/4/4f/Flag_of_Cameroon.svg/23px-Flag_of_Cameroon.svg.png,Republik Kamerun,feminine,The Republic of Cameroon,Kamerun,neuter,Cameroon,Jaunde,Yaoundé,Kameruner,Kamerunerin,kamerunisch,UN member state
124,CA,CAN,https://upload.wikimedia.org/wikipedia/commons/thumb/d/d9/Flag_of_Canada_%28Pantone%29.svg/23px-Flag_of_Canada_%28Pantone%29.svg.png,Kanada,neuter,Canada,Kanada,neuter,Canada,Ottawa,Ottawa,Kanadier,Kanadierin,kanadisch,UN member state
136,KY,CYM,https://upload.wikimedia.org/wikipedia/commons/thumb/0/0f/Flag_of_the_Cayman_Islands.svg/23px-Flag_of_the_Cayman_Islands.svg.png,Kaimaninseln,plural,The Cayman Islands,Kaimaninseln,plural,Cayman Islands (the),George Town,George Town,,,,United Kingdom
140,CF,CAF,https://upload.wikimedia.org/wikipedia/commons/thumb/6/6f/Flag_of_the_Central_African_Republic.svg/23px-Flag_of_the_Central_African_Republic.svg.png,Zentralafrikanische Republik,feminine,The Central African Republic,Zentralafrikanische Republik,feminine,Central African Republic (the),Bangui,Bangui,Zentralafrikaner,Zentralafrikanerin,zentralafrikanisch,UN member state
148,TD,TCD,https://upload.wikimedia.org/wikipedia/commons/thumb/4/4b/Flag_of_Chad.svg/23px-Flag_of_Chad.svg.png,Republik Tschad,feminine,The Republic of Chad,Tschad,masculine,Chad,N'Djamena,N'Djamena,Tschader,Tschaderin,tschadisch,UN member state
152,CL,CHL,https://upload.wikimedia.org/wikipedia/commons/thumb/7/78/Flag_of_Chile.svg/23px-Flag_of_Chile.svg.png,Republik Chile,feminine,The Republic of Chile,Chile,neuter,Chile,Santiago de Chile,Santiago,Chilene,Chilenin,chilenisch,UN member state
156,CN,CHN,https://upload.wikimedia.org/wikipedia/commons/thumb/f/fa/Flag_of_the_People%27s_Republic_of_China.svg/23px-Flag_of_the_People%27s_Republic_of_China.svg.png,Volksrepublik China,feminine,The People's Republic of China,China,neuter,China,Peking,Beijing,Chinese,Chinesin,chinesisch,UN member state
162,CX,CXR,https://upload.wikimedia.org/wikipedia/commons/thumb/6/67/Flag_of_Christmas_Island.svg/23px-Flag_of_Christmas_Island.svg.png,das Territorium Weihnachtsinsel,neuter,The Territory of Christmas Island,Weihnachtsinsel,feminine,Christmas Island,Flying Fish Cove,Flying Fish Cove,,,,Australia
166,CC,CCK,https://upload.wikimedia.org/wikipedia/commons/thumb/7/74/Flag_of_the_Cocos_%28Keeling%29_Islands.svg/23px-Flag_of_the_Cocos_%28Keeling%29_Islands.svg.png,das Territorium Kokosinseln/Keelinginseln/Kokosinseln,neuter,The Territory of Cocos (Keeling) Islands,die Kokosinseln/Keelinginseln,plural,Cocos (Keeling) Islands (the),West Island,West Island,,,,Australia
170,CO,COL,https://upload.wikimedia.org/wikipedia/commons/thumb/2/21/Flag_of_Colombia.svg/23px-Flag_of_Colombia.svg.png,Republik Kolumbien,feminine,The Republic of Colombia,Kolumbien,neuter,Colombia,Bogotá,Bogotá,Kolumbianer,Kolumbianerin,kolumbianisch,UN member state
174,KM,COM,https://upload.wikimedia.org/wikipedia/commons/thumb/9/94/Flag_of_the_Comoros.svg/23px-Flag_of_the_Comoros.svg.png,Union der Komoren,feminine,The Union of the Comoros,die Komoren,plural,Comoros (the),Moroni,Moroni,Komorer,Komorerin,komorisch,UN member state
180,CD,COD,https://upload.wikimedia.org/wikipedia/commons/thumb/6/6f/Flag_of_the_Democratic_Republic_of_the_Congo.svg/20px-Flag_of_the_Democratic_Republic_of_the_Congo.svg.png,Demokratische Republik Kongo,feminine,The Democratic Republic of the Congo,Demokratische Republik Kongo,feminine,Congo (the Democratic Republic of the),,Kinshasa,der Demokratischen Republik Kongo Kongolese,der Demokratischen Republik Kongo Kongolese,"der Demokratischen Republik Kongo, kongolesisch",UN member state
178,CG,COG,https://upload.wikimedia.org/wikipedia/commons/thumb/9/92/Flag_of_the_Republic_of_the_Congo.svg/23px-Flag_of_the_Republic_of_the_Congo.svg.png,Republik Kongo,feminine,The Republic of the Congo,Kongo,masculine,Congo (the),Brazzaville,Brazzaville,Kongolese,Kongolesin,kongolesisch,UN member state
184,CK,COK,https://upload.wikimedia.org/wikipedia/commons/thumb/3/35/Flag_of_the_Cook_Islands.svg/23px-Flag_of_the_Cook_Islands.svg.png,Cookinseln,plural,The Cook Islands,Cookinseln,plural,Cook Islands (the),Avarua,Avarua,,,,New Zealand
188,CR,CRI,https://upload.wikimedia.org/wikipedia/commons/thumb/b/bc/Flag_of_Costa_Rica_%28state%29.svg/23px-Flag_of_Costa_Rica_%28state%29.svg.png,Republik Costa Rica,feminine,The Republic of Costa Rica,Costa Rica,neuter,Costa Rica,San José,San José,Costa-Ricaner,Costa-Ricanerin,costa-ricanisch,UN member state
384,CI,CIV,https://upload.wikimedia.org/wikipedia/commons/thumb/f/fe/Flag_of_C%C3%B4te_d%27Ivoire.svg/23px-Flag_of_C%C3%B4te_d%27Ivoire.svg.png,Republik Côte d'Ivoire,feminine,The Republic of Côte d'Ivoire,Côte d'Ivoire,neuter,Côte d'Ivoire,Yamoussoukro,Yamoussoukro,Ivorer,Ivorerin,ivorisch,UN member state
191,HR,HRV,https://upload.wikimedia.org/wikipedia/commons/thumb/1/1b/Flag_of_Croatia.svg/23px-Flag_of_Croatia.svg.png,Republik Kroatien,feminine,The Republic of Croatia,Kroatien,neuter,Croatia,Zagreb,Zagreb,Kroate,Kroatin,kroatisch,UN member state
192,CU,CUB,https://upload.wikimedia.org/wikipedia/commons/thumb/b/bd/Flag_of_Cuba.svg/23px-Flag_of_Cuba.svg.png,Republik Kuba,feminine,The Republic of Cuba,Kuba,neuter,Cuba,Havanna,Havana,Kubaner,Kubanerin,kubanisch,UN member state
531,CW,CUW,https://upload.wikimedia.org/wikipedia/commons/thumb/b/b1/Flag_of_Cura%C3%A7ao.svg/23px-Flag_of_Cura%C3%A7ao.svg.png,Curaçao,neuter,Curaçao,Curaçao,neuter,Curaçao,Willemstad,Willemstad,,,,Netherlands
196,CY,CYP,https://upload.wikimedia.org/wikipedia/commons/thumb/d/d4/Flag_of_Cyprus.svg/23px-Flag_of_Cyprus.svg.png,Republik Zypern,feminine,The Republic of Cyprus,Zypern,neuter,Cyprus,Nikosia,Nicosia,Zyprer,Zyprerin,zyprisch,UN member state
203,CZ,CZE,https://upload.wikimedia.org/wikipedia/commons/thumb/c/cb/Flag_of_the_Czech_Republic.svg/23px-Flag_of_the_Czech_Republic.svg.png,Tschechische Republik,feminine,The Czech Republic,Tschechien,neuter,Czechia,Prag,Prague,Tscheche,Tschechin,tschechisch,UN member state
208,DK,DNK,https://upload.wikimedia.org/wikipedia/commons/thumb/9/9c/Flag_of_Denmark.svg/20px-Flag_of_Denmark.svg.png,das Königreich Dänemark,neuter,The Kingdom of Denmark,Dänemark,neuter,Denmark,Kopenhagen,Copenhagen,Däne,Dänin,dänisch,UN member state
262,DJ,DJI,https://upload.wikimedia.org/wikipedia/commons/thumb/3/34/Flag_of_Djibouti.svg/23px-Flag_of_Djibouti.svg.png,Republik Dschibuti,feminine,The Republic of Djibouti,Dschibuti,neuter,Djibouti,Dschibuti,Djibouti,Dschibutier,Dschibutierin,dschibutisch,UN member state
212,DM,DMA,https://upload.wikimedia.org/wikipedia/commons/thumb/c/c4/Flag_of_Dominica.svg/23px-Flag_of_Dominica.svg.png,das Commonwealth Dominica,neuter,The Commonwealth of Dominica,Dominica,neuter,Dominica,Roseau,Roseau,Dominicaner,Dominicanerin,dominicanisch,UN member state
214,DO,DOM,https://upload.wikimedia.org/wikipedia/commons/thumb/9/9f/Flag_of_the_Dominican_Republic.svg/23px-Flag_of_the_Dominican_Republic.svg.png,Dominikanische Republik,feminine,The Dominican Republic,die Dominikanische Republik,feminine,Dominican Republic (the),Santo Domingo,Santo Domingo,Dominikaner,Dominikanerin,dominikanisch,UN member state
218,EC,ECU,https://upload.wikimedia.org/wikipedia/commons/thumb/e/e8/Flag_of_Ecuador.svg/23px-Flag_of_Ecuador.svg.png,Republik Ecuador,feminine,The Republic of Ecuador,Ecuador,neuter,Ecuador,Quito,Quito,Ecuadorianer,Ecuadorianerin,ecuadorianisch,UN member state
818,EG,EGY,https://upload.wikimedia.org/wikipedia/commons/thumb/f/fe/Flag_of_Egypt.svg/23px-Flag_of_Egypt.svg.png,Arabische Republik Ägypten,feminine,The Arab Republic of Egypt,Ägypten,neuter,Egypt,Kairo,Cairo,Ägypter,Ägypterin,ägyptisch,UN member state
222,SV,SLV,https://upload.wikimedia.org/wikipedia/commons/thumb/3/34/Flag_of_El_Salvador.svg/23px-Flag_of_El_Salvador.svg.png,Republik El Salvador,feminine,The Republic of El Salvador,El Salvador,neuter,El Salvador,San Salvador,San Salvador,Salvadorianer,Salvadorianerin,salvadorianisch,UN member state
226,GQ,GNQ,https://upload.wikimedia.org/wikipedia/commons/thumb/3/31/Flag_of_Equatorial_Guinea.svg/23px-Flag_of_Equatorial_Guinea.svg.png,Republik Äquatorialguinea,feminine,The Republic of Equatorial Guinea,Äquatorialguinea,neuter,Equatorial Guinea,Malabo,Malabo,Äquatorialguineer,Äquatorialguineerin,äquatorialguineisch,UN member state
232,ER,ERI,https://upload.wikimedia.org/wikipedia/commons/thumb/2/29/Flag_of_Eritrea.svg/23px-Flag_of_Eritrea.svg.png,Staat Eritrea,masculine,The State of Eritrea,Eritrea,neuter,Eritrea,Asmara,Asmara,Eritreer,Eritreerin,eritreisch,UN member state
233,EE,EST,https://upload.wikimedia.org/wikipedia/commons/thumb/8/8f/Flag_of_Estonia.svg/23px-Flag_of_Estonia.svg.png,Republik Estland,feminine,The Republic of Estonia,Estland,neuter,Estonia,Tallinn,Tallinn,Este,Estin,estnisch,UN member state
748,SZ,SWZ,https://upload.wikimedia.org/wikipedia/commons/thumb/f/fb/Flag_of_Eswatini.svg/23px-Flag_of_Eswatini.svg.png,das Königreich Eswatini,neuter,The Kingdom of Eswatini,Eswatini,neuter,Eswatini,Mbabane,Mbabane,von Eswatini,von Eswatini,von Eswatini,UN member state
231,ET,ETH,https://upload.wikimedia.org/wikipedia/commons/thumb/7/71/Flag_of_Ethiopia.svg/23px-Flag_of_Ethiopia.svg.png,Demokratische Bundesrepublik Äthiopien,feminine,The Federal Democratic Republic of Ethiopia,Äthiopien,neuter,Ethiopia,Addis Abeba,Addis Ababa,Äthiopier,Äthiopierin,äthiopisch,UN member state
238,FK,FLK,https://upload.wikimedia.org/wikipedia/commons/thumb/8/83/Flag_of_the_Falkland_Islands.svg/23px-Flag_of_the_Falkland_Islands.svg.png,Falklandinseln (Malwinen),plural,The Falkland Islands,Falklandinseln (Malwinen),plural,The Falkland Islands,Stanley,Stanley,Falkländer,Falkländerin,falkländisch,United Kingdom
234,FO,FRO,https://upload.wikimedia.org/wikipedia/commons/thumb/3/3c/Flag_of_the_Faroe_Islands.svg/21px-Flag_of_the_Faroe_Islands.svg.png,Färöer,plural,The Faroe Islands,Färöer,plural,The Faroe Islands,Tórshavn,Tórshavn,Färinger,Färingerin,färöisch,Denmark
242,FJ,FJI,https://upload.wikimedia.org/wikipedia/commons/thumb/b/ba/Flag_of_Fiji.svg/23px-Flag_of_Fiji.svg.png,Republik Fidschi,feminine,The Republic of Fiji,Fidschi,neuter,Fiji,Suva,Suva,Fidschianer,Fidschianerin,fidschianisch,UN member state
246,FI,FIN,https://upload.wikimedia.org/wikipedia/commons/thumb/b/bc/Flag_of_Finland.svg/23px-Flag_of_Finland.svg.png,Republik Finnland,feminine,The Republic of Finland,Finnland,neuter,Finland,Helsinki,Helsinki,Finne,Finnin,finnisch,UN member state
250,FR,FRA,https://upload.wikimedia.org/wikipedia/en/thumb/c/c3/Flag_of_France.svg/23px-Flag_of_France.svg.png,Französische Republik,feminine,The French Republic,Frankreich,neuter,France,Paris,Paris,Franzose,Französin,französisch,UN member state
254,GF,GUF,https://upload.wikimedia.org/wikipedia/commons/thumb/2/29/Flag_of_French_Guiana.svg/23px-Flag_of_French_Guiana.svg.png,das Departement Guayana,neuter,French Guiana,Französisch-Guayana,neuter,French Guiana,Cayenne,Cayenne,,,,France
258,PF,PYF,https://upload.wikimedia.org/wikipedia/commons/thumb/d/db/Flag_of_French_Polynesia.svg/23px-Flag_of_French_Polynesia.svg.png,Französisch-Polynesiеn,neuter,French Polynesia,Französisch-Polynesiеn,neuter,French Polynesia,Papeete,Papeete,,,,France
260,TF,ATF,https://upload.wikimedia.org/wikipedia/commons/thumb/a/a7/Flag_of_the_French_Southern_and_Antarctic_Lands.svg/23px-Flag_of_the_French_Southern_and_Antarctic_Lands.svg.png,Französische Süd- und Antarktisgebiete,plural,The French Southern and Antarctic Lands,Französischen Südgebiete,plural,French Southern Territories (the),Saint Pierre auf Réunion,"Saint Pierre, Réunion",,,,France
266,GA,GAB,https://upload.wikimedia.org/wikipedia/commons/thumb/0/04/Flag_of_Gabon.svg/20px-Flag_of_Gabon.svg.png,Gabunische Republik,feminine,The Gabonese Republic,Gabun,neuter,Gabon,Libreville,Libreville,Gabuner,Gabunerin,gabunisch,UN member state
270,GM,GMB,https://upload.wikimedia.org/wikipedia/commons/thumb/7/77/Flag_of_The_Gambia.svg/23px-Flag_of_The_Gambia.svg.png,Republik Gambia,feminine,The Republic of The Gambia,Gambia,neuter,Gambia (the),Banjul,Banjul,Gambier,Gambierin,gambisch,UN member state
268,GE,GEO,https://upload.wikimedia.org/wikipedia/commons/thumb/0/0f/Flag_of_Georgia.svg/23px-Flag_of_Georgia.svg.png,Georgien,neuter,Georgia,Georgien,neuter,Georgia,Tiflis,Tbilissi,Georgier,Georgierin,georgisch,UN member state
276,DE,DEU,https://upload.wikimedia.org/wikipedia/en/thumb/b/ba/Flag_of_Germany.svg/23px-Flag_of_Germany.svg.png,Bundesrepublik Deutschland,feminine,The Federal Republic of Germany,Deutschland,neuter,Germany,Berlin,Berlin,Deutscher,Deutsche,deutsch,UN member state
288,GH,GHA,https://upload.wikimedia.org/wikipedia/commons/thumb/1/19/Flag_of_Ghana.svg/23px-Flag_of_Ghana.svg.png,Republik Ghana,feminine,The Republic of Ghana,Ghana,neuter,Ghana,Accra,Accra,Ghanaer,Ghanaerin,ghanaisch,UN member state
292,GI,GIB,https://upload.wikimedia.org/wikipedia/commons/thumb/0/02/Flag_of_Gibraltar.svg/23px-Flag_of_Gibraltar.svg.png,Kolonie Gibraltar,feminine,the Colony of Gibraltar,Gibraltar,neuter,Gibraltar,Gibraltar,Westside,Gibraltarer,Gibraltarerin,gibraltarisch,United Kingdom
300,GR,GRC,https://upload.wikimedia.org/wikipedia/commons/thumb/5/5c/Flag_of_Greece.svg/23px-Flag_of_Greece.svg.png,Hellenische Republik,feminine,The Hellenic Republic,Griechenland,neuter,Greece,Athen,Athens,Grieche,Griechin,griechisch,UN member state
304,GL,GRL,https://upload.wikimedia.org/wikipedia/commons/thumb/0/09/Flag_of_Greenland.svg/23px-Flag_of_Greenland.svg.png,Grönland,neuter,Greenland,Grönland,neuter,Greenland,Nuuk,Nuuk,Grönländer,Grönländerin,grönländisch,Denmark
308,GD,GRD,https://upload.wikimedia.org/wikipedia/commons/thumb/b/bc/Flag_of_Grenada.svg/23px-Flag_of_Grenada.svg.png,Grenada,neuter,Grenada,Grenada,neuter,Grenada,Saint George's / St. George's,Saint George's / St. George's,Grenader,Grenaderin,grenadisch,UN member state
312,GP,GLP,https://upload.wikimedia.org/wikipedia/commons/thumb/e/e7/Unofficial_flag_of_Guadeloupe_%28local%29.svg/23px-Unofficial_flag_of_Guadeloupe_%28local%29.svg.png,das Departement Guadeloupe,neuter,Guadeloupe,Guadeloupe,neuter,Guadeloupe,Basse-Terre,Basse-Terre,,,,France
316,GU,GUM,https://upload.wikimedia.org/wikipedia/commons/thumb/0/07/Flag_of_Guam.svg/23px-Flag_of_Guam.svg.png,das Territorium Guam,neuter,The Territory of Guam,Guam,neuter,Guam,Hagåtña,Hagåtña,Guamer,Guamerin,guamisch,United States
320,GT,GTM,https://upload.wikimedia.org/wikipedia/commons/thumb/e/ec/Flag_of_Guatemala.svg/23px-Flag_of_Guatemala.svg.png,Republik Guatemala,feminine,The Republic of Guatemala,Guatemala,neuter,Guatemala,Guatemala-Stadt,Guatemala City,Guatemalteke,Guatemaltekin,guatemaltekisch,UN member state
831,GG,GGY,https://upload.wikimedia.org/wikipedia/commons/thumb/f/fa/Flag_of_Guernsey.svg/23px-Flag_of_Guernsey.svg.png,Vogtei Guernsey,feminine,The Bailiwick of Guernsey,Guernsey,neuter,Guernsey,St. Peter Port,St. Peter Port,,,,British Crown
324,GN,GIN,https://upload.wikimedia.org/wikipedia/commons/thumb/e/ed/Flag_of_Guinea.svg/23px-Flag_of_Guinea.svg.png,Republik Guinea,feminine,The Republic of Guinea,Guinea,neuter,Guinea,Conakry,Conakry,Guineer,Guineerin,guineisch,UN member state
624,GW,GNB,https://upload.wikimedia.org/wikipedia/commons/thumb/0/01/Flag_of_Guinea-Bissau.svg/23px-Flag_of_Guinea-Bissau.svg.png,Republik Guinea-Bissau,feminine,The Republic of Guinea-Bissau,Guinea-Bissau,neuter,Guinea-Bissau,Bissau,Bissau,Guinea-Bissauer,Guinea-Bissauerin,guinea-bissauisch,UN member state
328,GY,GUY,https://upload.wikimedia.org/wikipedia/commons/thumb/9/99/Flag_of_Guyana.svg/23px-Flag_of_Guyana.svg.png,Kooperative Republik Guyana,feminine,The Co-operative Republic of Guyana,Guyana,neuter,Guyana,Georgetown,Georgetown,Guyaner,Guyanerin,guyanisch,UN member state
332,HT,HTI,https://upload.wikimedia.org/wikipedia/commons/thumb/5/56/Flag_of_Haiti.svg/23px-Flag_of_Haiti.svg.png,Republik Haiti,feminine,The Republic of Haiti,Haiti,neuter,Haiti,Port-au-Prince,Port-au-Prince,Haitianer,Haitianerin,haitianisch,UN member state
334,HM,HMD,https://upload.wikimedia.org/wikipedia/commons/thumb/8/88/Flag_of_Australia_%28converted%29.svg/23px-Flag_of_Australia_%28converted%29.svg.png,das Territorium Heard und McDonaldinseln,neuter,The Territory of Heard Island and McDonald Islands,Heard und die McDonaldinseln,plural,Heard Island and McDonald Islands,,,,,,Australia
336,VA,VAT,https://upload.wikimedia.org/wikipedia/commons/thumb/0/00/Flag_of_the_Vatican_City.svg/15px-Flag_of_the_Vatican_City.svg.png,Heilige Stuhl,masculine,The Holy See,der Heilige Stuhl,masculine,Holy See (the),,,,,,UN observer state
340,HN,HND,https://upload.wikimedia.org/wikipedia/commons/thumb/8/82/Flag_of_Honduras.svg/23px-Flag_of_Honduras.svg.png,Republik Honduras,feminine,The Republic of Honduras,Honduras,neuter,Honduras,Tegucigalpa,Tegucigalpa,Honduraner,Honduranerin,honduranisch,UN member state
344,HK,HKG,https://upload.wikimedia.org/wikipedia/commons/thumb/5/5b/Flag_of_Hong_Kong.svg/23px-Flag_of_Hong_Kong.svg.png,Sonderverwaltungsregion Hongkong,feminine,The Hong Kong Special Administrative Region,Hongkong,neuter,Hong Kong,,,,,,China
348,HU,HUN,https://upload.wikimedia.org/wikipedia/commons/thumb/c/c1/Flag_of_Hungary.svg/23px-Flag_of_Hungary.svg.png,Ungarn,neuter,Hungary,Ungarn,neuter,Hungary,Budapest,Budapest,Ungar,Ungarin,ungarisch,UN member state
352,IS,ISL,https://upload.wikimedia.org/wikipedia/commons/thumb/c/ce/Flag_of_Iceland.svg/21px-Flag_of_Iceland.svg.png,Island,neuter,Iceland,Island,neuter,Iceland,Reykjavik,Reykjavík,Isländer,Isländerin,isländisch,UN member state
356,IN,IND,https://upload.wikimedia.org/wikipedia/en/thumb/4/41/Flag_of_India.svg/23px-Flag_of_India.svg.png,Republik Indien,feminine,The Republic of India,Indien,neuter,India,New Delhi,New Delhi,Inder,Inderin,indisch,UN member state
360,ID,IDN,https://upload.wikimedia.org/wikipedia/commons/thumb/9/9f/Flag_of_Indonesia.svg/23px-Flag_of_Indonesia.svg.png,Republik Indonesien,feminine,The Republic of Indonesia,Indonesien,neuter,Indonesia,Jakarta,Jakarta,Indonesier,Indonesierin,indonesisch,UN member state
364,IR,IRN,https://upload.wikimedia.org/wikipedia/commons/thumb/c/ca/Flag_of_Iran.svg/23px-Flag_of_Iran.svg.png,Islamische Republik Iran,feminine,The Islamic Republic of Iran,Islamische Republik Iran,feminine,Iran (Islamic Republic of),Teheran,Tehran,Iraner,Iranerin,iranisch,UN member state
368,IQ,IRQ,https://upload.wikimedia.org/wikipedia/commons/thumb/f/f6/Flag_of_Iraq.svg/23px-Flag_of_Iraq.svg.png,Republik Irak,feminine,The Republic of Iraq,Irak,masculine,Iraq,Bagdad,Baghdad,Iraker,Irakerin,irakisch,UN member state
372,IE,IRL,https://upload.wikimedia.org/wikipedia/commons/thumb/4/45/Flag_of_Ireland.svg/23px-Flag_of_Ireland.svg.png,Irland,neuter,Ireland,Irland,neuter,Ireland,Dublin,Dublin,Ire,Irin,irisch,UN member state
833,IM,IMN,https://upload.wikimedia.org/wikipedia/commons/thumb/b/bc/Flag_of_the_Isle_of_Man.svg/23px-Flag_of_the_Isle_of_Man.svg.png,Insel Man,feminine,The Isle of Man,Insel Man,feminine,Isle of Man,Douglas,Douglas,,,,British Crown
376,IL,ISR,https://upload.wikimedia.org/wikipedia/commons/thumb/d/d4/Flag_of_Israel.svg/21px-Flag_of_Israel.svg.png,Staat Israel,masculine,The State of Israel,Israel,neuter,Israel,Jerusalem,Jerusalem,Israeli,Israeli,israelisch,UN member state
380,IT,ITA,https://upload.wikimedia.org/wikipedia/en/thumb/0/03/Flag_of_Italy.svg/23px-Flag_of_Italy.svg.png,Italienische Republik,feminine,The Italian Republic,Italien,neuter,Italy,Rom,Rome,Italiener,Italienerin,italienisch,UN member state
388,JM,JAM,https://upload.wikimedia.org/wikipedia/commons/thumb/0/0a/Flag_of_Jamaica.svg/23px-Flag_of_Jamaica.svg.png,Jamaika,neuter,Jamaica,Jamaika,neuter,Jamaica,Kingston,Kingston,Jamaikaner,Jamaikanerin,jamaikanisch,UN member state
392,JP,JPN,https://upload.wikimedia.org/wikipedia/en/thumb/9/9e/Flag_of_Japan.svg/23px-Flag_of_Japan.svg.png,Japan,neuter,Japan,Japan,neuter,Japan,Tokyo,Tokyo,Japaner,Japanerin,japanisch,UN member state
832,JE,JEY,https://upload.wikimedia.org/wikipedia/commons/thumb/1/1c/Flag_of_Jersey.svg/23px-Flag_of_Jersey.svg.png,Vogtei Jersey,,The Bailiwick of Jersey,Jersey,masculine,Jersey,Saint Helier,St Helier,,,,British Crown
400,JO,JOR,https://upload.wikimedia.org/wikipedia/commons/thumb/c/c0/Flag_of_Jordan.svg/23px-Flag_of_Jordan.svg.png,das Haschemitische Königreich Jordanien,neuter,The Hashemite Kingdom of Jordan,Jordanien,neuter,Jordan,Amman,Amman,Jordanier,Jordanierin,jordanisch,UN member state
398,KZ,KAZ,https://upload.wikimedia.org/wikipedia/commons/thumb/d/d3/Flag_of_Kazakhstan.svg/23px-Flag_of_Kazakhstan.svg.png,Republik Kasachstan,feminine,The Republic of Kazakhstan,Kasachstan,neuter,Kazakhstan,Astana,Astana,Kasache,Kasachin,kasachisch,UN member state
404,KE,KEN,https://upload.wikimedia.org/wikipedia/commons/thumb/4/49/Flag_of_Kenya.svg/23px-Flag_of_Kenya.svg.png,Republik Kenia,feminine,The Republic of Kenya,Kenia,neuter,Kenya,Nairobi,Nairobi,Kenianer,Kenianerin,kenianisch,UN member state
296,KI,KIR,https://upload.wikimedia.org/wikipedia/commons/thumb/d/d3/Flag_of_Kiribati.svg/23px-Flag_of_Kiribati.svg.png,Republik Kiribati,feminine,The Republic of Kiribati,Kiribati,neuter,Kiribati,Bairiki (Tarawa),Bairiki (Tarawa),Kiribatier,Kiribatieri,kiribatisch,UN member state
408,KP,PRK,https://upload.wikimedia.org/wikipedia/commons/thumb/5/51/Flag_of_North_Korea.svg/23px-Flag_of_North_Korea.svg.png,Demokratische Volksrepublik Korea,feminine,The Democratic People's Republic of Korea,Demokratische Volksrepublik Korea,feminine,Korea (the Democratic People's Republic of),Pjöngjang,Pyongyang,der Demokratischen Volksrepublik Korea,der Demokratischen Volksrepublik Korea,der Demokratischen Volksrepublik Korea,UN member state
410,KR,KOR,https://upload.wikimedia.org/wikipedia/commons/thumb/0/09/Flag_of_South_Korea.svg/23px-Flag_of_South_Korea.svg.png,Republik Korea,feminine,The Republic of Korea,Republik Korea,feminine,Korea (the Republic of),Seoul,Seoul,der Republik Korea,der Republik Korea,der Republik Korea,UN member state
414,KW,KWT,https://upload.wikimedia.org/wikipedia/commons/thumb/a/aa/Flag_of_Kuwait.svg/23px-Flag_of_Kuwait.svg.png,Staat Kuwait,masculine,The State of Kuwait,Kuwait,neuter,Kuwait,Kuwait,Kuwait,Kuwaiter,Kuwaiterin,kuwaitisch,UN member state
417,KG,KGZ,https://upload.wikimedia.org/wikipedia/commons/thumb/c/c7/Flag_of_Kyrgyzstan.svg/23px-Flag_of_Kyrgyzstan.svg.png,Kirgisische Republik,feminine,The Kyrgyz Republic,Kirgisistan,neuter,Kyrgyzstan,Bischkek,Bishkek,Kirgise,Kirgisin,kirgisisch,UN member state
418,LA,LAO,https://upload.wikimedia.org/wikipedia/commons/thumb/5/56/Flag_of_Laos.svg/23px-Flag_of_Laos.svg.png,Demokratische Volksrepublik Laos,feminine,The Lao People's Democratic Republic,Demokratische Volksrepublik Laos,feminine,Lao People's Democratic Republic (the),Vientiane,Vientiane,Laote,Laotin,laotisch,UN member state
428,LV,LVA,https://upload.wikimedia.org/wikipedia/commons/thumb/8/84/Flag_of_Latvia.svg/23px-Flag_of_Latvia.svg.png,Republik Lettland,feminine,The Republic of Latvia,Lettland,neuter,Latvia,Riga,Riga,Lette,Lettin,lettisch,UN member state
422,LB,LBN,https://upload.wikimedia.org/wikipedia/commons/thumb/5/59/Flag_of_Lebanon.svg/23px-Flag_of_Lebanon.svg.png,Libanesische Republik,feminine,The Lebanese Republic,Libanon,masculine,Lebanon,Beirut,Beirut,Libanese,Libanesin,libanesisch,UN member state
426,LS,LSO,https://upload.wikimedia.org/wikipedia/commons/thumb/4/4a/Flag_of_Lesotho.svg/23px-Flag_of_Lesotho.svg.png,das Königreich Lesotho,neuter,The Kingdom of Lesotho,Lesotho,neuter,Lesotho,Maseru,Maseru,Lesother,Lesotherin,lesothisch,UN member state
430,LR,LBR,https://upload.wikimedia.org/wikipedia/commons/thumb/b/b8/Flag_of_Liberia.svg/23px-Flag_of_Liberia.svg.png,Republik Liberia,feminine,The Republic of Liberia,Liberia,neuter,Liberia,Monrovia,Monrovia,Liberianer,Liberianerin,liberianisch,UN member state
434,LY,LBY,https://upload.wikimedia.org/wikipedia/commons/thumb/0/05/Flag_of_Libya.svg/23px-Flag_of_Libya.svg.png,Staat Libyen,masculine,The State of Libya,Libyen,neuter,Libya,Tripolis,Tripoli,Libyer,Libyerin,libysch,UN member state
438,LI,LIE,https://upload.wikimedia.org/wikipedia/commons/thumb/4/47/Flag_of_Liechtenstein.svg/23px-Flag_of_Liechtenstein.svg.png,das Fürstentum Liechtenstein,neuter,The Principality of Liechtenstein,Liechtenstein,neuter,Liechtenstein,Vaduz,Vaduz,Liechtensteiner,Liechtensteinerin,liechtensteinisch,UN member state
440,LT,LTU,https://upload.wikimedia.org/wikipedia/commons/thumb/1/11/Flag_of_Lithuania.svg/23px-Flag_of_Lithuania.svg.png,Republik Litauen,feminine,The Republic of Lithuania,Litauen,neuter,Lithuania,Wilna,Vilnius,Litauer,Litauerin,litauisch,UN member state
442,LU,LUX,https://upload.wikimedia.org/wikipedia/commons/thumb/d/da/Flag_of_Luxembourg.svg/23px-Flag_of_Luxembourg.svg.png,das Großherzogtum Luxemburg,neuter,The Grand Duchy of Luxembourg,Luxemburg,neuter,Luxembourg,Luxemburg,Luxembourg,Luxemburger,Luxemburgerin,luxemburgisch,UN member state
446,MO,MAC,https://upload.wikimedia.org/wikipedia/commons/thumb/6/63/Flag_of_Macau.svg/23px-Flag_of_Macau.svg.png,Sonderverwaltungsregion Macau,feminine,The Macao Special Administrative Region,Macau,neuter,Macao,,,,,,China
807,MK,MKD,https://upload.wikimedia.org/wikipedia/commons/thumb/7/79/Flag_of_North_Macedonia.svg/23px-Flag_of_North_Macedonia.svg.png,Republik Nordmazedonien,feminine,The Republic of North Macedonia,Nordmazedonien,neuter,North Macedonia,Skopje,Skopje,,,,UN member state
450,MG,MDG,https://upload.wikimedia.org/wikipedia/commons/thumb/b/bc/Flag_of_Madagascar.svg/23px-Flag_of_Madagascar.svg.png,Republik Madagaskar,feminine,The Republic of Madagascar,Madagaskar,neuter,Madagascar,Antananarivo,Antananarivo,Madagasse,Madagassin,madagassisch,UN member state
454,MW,MWI,https://upload.wikimedia.org/wikipedia/commons/thumb/d/d1/Flag_of_Malawi.svg/23px-Flag_of_Malawi.svg.png,Republik Malawi,feminine,The Republic of Malawi,Malawi,neuter,Malawi,Lilongwe,Lilongwe,Malawier,Malawierin,malawisch,UN member state
458,MY,MYS,https://upload.wikimedia.org/wikipedia/commons/thumb/6/66/Flag_of_Malaysia.svg/23px-Flag_of_Malaysia.svg.png,Malaysia,neuter,Malaysia,Malaysia,neuter,Malaysia,Kuala Lumpur,Federal Territory of Kuala Lumpur,Malaysier,Malaysierin,malaysisch,UN member state
462,MV,MDV,https://upload.wikimedia.org/wikipedia/commons/thumb/0/0f/Flag_of_Maldives.svg/23px-Flag_of_Maldives.svg.png,Republik Malediven,feminine,The Republic of Maldives,die Malediven,plural,Maldives,Male,Malé,Malediver,Malediverin,maledivisch,UN member state
466,ML,MLI,https://upload.wikimedia.org/wikipedia/commons/thumb/9/92/Flag_of_Mali.svg/23px-Flag_of_Mali.svg.png,Republik Mali,feminine,The Republic of Mali,Mali,neuter,Mali,Bamako,Bamako,Malier,Malierin,malisch,UN member state
470,MT,MLT,https://upload.wikimedia.org/wikipedia/commons/thumb/7/73/Flag_of_Malta.svg/23px-Flag_of_Malta.svg.png,Republik Malta,feminine,The Republic of Malta,Malta,neuter,Malta,Valletta,Valletta,Malteser,Malteserin,maltesisch,UN member state
584,MH,MHL,https://upload.wikimedia.org/wikipedia/commons/thumb/2/2e/Flag_of_the_Marshall_Islands.svg/23px-Flag_of_the_Marshall_Islands.svg.png,Republik Marshallinseln,feminine,The Republic of the Marshall Islands,die Marshallinseln,feminine,Marshall Islands (the),Majuro,Majuro,Marshaller,Marshallerin,marshallisch,UN member state
474,MQ,MTQ,https://upload.wikimedia.org/wikipedia/commons/thumb/2/27/Flag-of-Martinique.svg/23px-Flag-of-Martinique.svg.png,das Departement Martinique,neuter,the Department of Martinique,Martinique,neuter,Martinique,Fort-de-France,Fort-de-France,,,,France
478,MR,MRT,https://upload.wikimedia.org/wikipedia/commons/thumb/4/43/Flag_of_Mauritania.svg/23px-Flag_of_Mauritania.svg.png,Islamische Republik Mauretanien,feminine,The Islamic Republic of Mauritania,Mauretanien,neuter,Mauritania,Nouakchott,Nouakchott,Mauretanier,Mauretanierin,mauretanisch,UN member state
480,MU,MUS,https://upload.wikimedia.org/wikipedia/commons/thumb/7/77/Flag_of_Mauritius.svg/23px-Flag_of_Mauritius.svg.png,Republik Mauritius,feminine,The Republic of Mauritius,Mauritius,neuter,Mauritius,Port Louis,Port Louis,Mauritier,Mauritierin,mauritisch,UN member state
175,YT,MYT,https://upload.wikimedia.org/wikipedia/commons/thumb/4/4f/Flag_of_Mayotte_%28Local%29.svg/23px-Flag_of_Mayotte_%28Local%29.svg.png,das Departement Mayotte,neuter,The Department of Mayotte,Mayotte,neuter,Mayotte,Mamoudzou,Mamoudzou,,,,France
484,MX,MEX,https://upload.wikimedia.org/wikipedia/commons/thumb/f/fc/Flag_of_Mexico.svg/23px-Flag_of_Mexico.svg.png,Vereinigten Mexikanischen Staaten,plural,The United Mexican States,Mexiko,neuter,Mexico,Mexiko-Stadt,Mexico City,Mexikaner,Mexikaner,mexikanisch,UN member state
583,FM,FSM,https://upload.wikimedia.org/wikipedia/commons/thumb/e/e4/Flag_of_the_Federated_States_of_Micronesia.svg/23px-Flag_of_the_Federated_States_of_Micronesia.svg.png,Föderierten Staaten von Mikronesien,plural,The Federated States of Micronesia,Föderierten Staaten von Mikronesien,plural,Micronesia (Federated States of),Palikir,Palikir,Mikronesier,Mikronesierin,mikronesisch,UN member state
498,MD,MDA,https://upload.wikimedia.org/wikipedia/commons/thumb/2/27/Flag_of_Moldova.svg/23px-Flag_of_Moldova.svg.png,Republik Moldau,feminine,The Republic of Moldova,Republik Moldau,feminine,Moldova (the Republic of),Chisinau,Chisinau,Moldauer,Moldauerin,moldauisch,UN member state
492,MC,MCO,https://upload.wikimedia.org/wikipedia/commons/thumb/e/ea/Flag_of_Monaco.svg/19px-Flag_of_Monaco.svg.png,das Fürstentum Monaco,neuter,The Principality of Monaco,Monaco,neuter,Monaco,Monaco,Monaco,Monegasse,Monegassin,monegassisch,UN member state
496,MN,MNG,https://upload.wikimedia.org/wikipedia/commons/thumb/4/4c/Flag_of_Mongolia.svg/23px-Flag_of_Mongolia.svg.png,Mongolei,feminine,Mongolia,Mongolei,feminine,Mongolia,Ulan-Bator,Ulan Bator,Mongole,Mongolin,mongolisch,UN member state
499,ME,MNE,https://upload.wikimedia.org/wikipedia/commons/thumb/6/64/Flag_of_Montenegro.svg/23px-Flag_of_Montenegro.svg.png,Montenegro,neuter,Montenegro,Montenegro,neuter,Montenegro,Podgorica,Podgorica,Montenegriner,Montenegrinerin,montenegrinisch,UN member state
500,MS,MSR,https://upload.wikimedia.org/wikipedia/commons/thumb/d/d0/Flag_of_Montserrat.svg/23px-Flag_of_Montserrat.svg.png,Montserrat,masculine,Montserrat,Montserrat,masculine,Montserrat,Plymouth (de jure) / Brades (de facto),Plymouth (de jure) / Brades (de facto),,,,United Kingdom
504,MA,MAR,https://upload.wikimedia.org/wikipedia/commons/thumb/2/2c/Flag_of_Morocco.svg/23px-Flag_of_Morocco.svg.png,das Königreich Marokko,feminine,The Kingdom of Morocco,Marokko,neuter,Morocco,Rabat,Rabat,Marokkaner,Marokkanerin,marokkanisch,UN member state
508,MZ,MOZ,https://upload.wikimedia.org/wikipedia/commons/thumb/d/d0/Flag_of_Mozambique.svg/23px-Flag_of_Mozambique.svg.png,Republik Mosambik,feminine,The Republic of Mozambique,Mosambik,neuter,Mozambique,Maputo,Maputo,Mosambikaner,Mosambikanerin,mosambikanisch,UN member state
104,MM,MMR,https://upload.wikimedia.org/wikipedia/commons/thumb/8/8c/Flag_of_Myanmar.svg/23px-Flag_of_Myanmar.svg.png,Republik der Union Myanmar,feminine,The Republic of the Union of Myanmar,Myanmar,neuter,Myanmar,Naypyidaw,Nay Pyi Taw,Myanmare,Myanmarin,myanmarisch,UN member state
516,NA,NAM,https://upload.wikimedia.org/wikipedia/commons/thumb/0/00/Flag_of_Namibia.svg/23px-Flag_of_Namibia.svg.png,Republik Namibia,feminine,The Republic of Namibia,Namibia,neuter,Namibia,Windhuk,Windhoek,Namibier,Namibierin,namibisch,UN member state
520,NR,NRU,https://upload.wikimedia.org/wikipedia/commons/thumb/3/30/Flag_of_Nauru.svg/23px-Flag_of_Nauru.svg.png,Republik Nauru,feminine,The Republic of Nauru,Nauru,neuter,Nauru,Yaren,Yaren,Nauruer,Nauruerin,nauruisch,UN member state
524,NP,NPL,https://upload.wikimedia.org/wikipedia/commons/thumb/9/9b/Flag_of_Nepal.svg/492px-Flag_of_Nepal.svg.png?20220926151831,Nepal,neuter,Nepal,Nepal,neuter,Nepal,Kathmandu,Kathmandu,Nepalese,Nepalesin,nepalesisch,UN member state
528,NL,NLD,https://upload.wikimedia.org/wikipedia/commons/thumb/2/20/Flag_of_the_Netherlands.svg/23px-Flag_of_the_Netherlands.svg.png,das Königreich der Niederlande,neuter,The Kingdom of the Netherlands,die Niederlande,plural,"Netherlands, Kingdom of the",Amsterdam,Amsterdam,Niederländer,Niederländerin,niederländisch,UN member state
540,NC,NCL,https://upload.wikimedia.org/wikipedia/commons/thumb/6/66/Flag_of_FLNKS.svg/23px-Flag_of_FLNKS.svg.png,Neukaledonien,neuter,New Caledonia,Neukaledonien,neuter,New Caledonia,Nouméa,Nouméa,Neukaledonier,Neukaledonierin,neukaledonisch,France
554,NZ,NZL,https://upload.wikimedia.org/wikipedia/commons/thumb/3/3e/Flag_of_New_Zealand.svg/23px-Flag_of_New_Zealand.svg.png,Neuseeland,neuter,New Zealand,Neuseeland,neuter,New Zealand,Wellington,Wellington,Neuseeländer,Neuseeländerin,neuseeländisch,UN member state
558,NI,NIC,https://upload.wikimedia.org/wikipedia/commons/thumb/1/19/Flag_of_Nicaragua.svg/23px-Flag_of_Nicaragua.svg.png,Republik Nicaragua,feminine,The Republic of Nicaragua,Nicaragua,neuter,Nicaragua,Managua,Managua,Nicaraguaner,Nicaraguanerin,nicaraguanisch,UN member state
562,NE,NER,https://upload.wikimedia.org/wikipedia/commons/thumb/f/f4/Flag_of_Niger.svg/18px-Flag_of_Niger.svg.png,Republik Niger,feminine,The Republic of the Niger,Niger,masculine,Niger (the),Niamey,Niamey,Nigrer,Nigrerin,nigrisch,UN member state
566,NG,NGA,https://upload.wikimedia.org/wikipedia/commons/thumb/7/79/Flag_of_Nigeria.svg/23px-Flag_of_Nigeria.svg.png,Bundesrepublik Nigeria,feminine,The Federal Republic of Nigeria,Nigeria,neuter,Nigeria,Abuja,Abuja,Nigerianer,Nigerianerin,nigerianisch,UN member state
570,NU,NIU,https://upload.wikimedia.org/wikipedia/commons/thumb/0/01/Flag_of_Niue.svg/23px-Flag_of_Niue.svg.png,Niue,neuter,Niue,Niue,neuter,Niue,Alofi,Alofi,Niueaner,Niueanerin,niueanisch,New Zealand
574,NF,NFK,https://upload.wikimedia.org/wikipedia/commons/thumb/4/48/Flag_of_Norfolk_Island.svg/23px-Flag_of_Norfolk_Island.svg.png,das Territorium Norfolkinsel,neuter,The Territory of Norfolk Island,Norfolkinsel,feminine,Norfolk Island,Kingston,Kingston,,,,Australia
580,MP,MNP,https://upload.wikimedia.org/wikipedia/commons/thumb/e/e0/Flag_of_the_Northern_Mariana_Islands.svg/23px-Flag_of_the_Northern_Mariana_Islands.svg.png,das Commonwealth der Nördlichen Marianen,neuter,The Commonwealth of the Northern Mariana Islands,die Nördlichen Marianen,plural,Northern Mariana Islands (the),Saipan,Saipan,,,,United States
578,NO,NOR,https://upload.wikimedia.org/wikipedia/commons/thumb/d/d9/Flag_of_Norway.svg/21px-Flag_of_Norway.svg.png,das Königreich Norwegen,neuter,The Kingdom of Norway,Norwegen,neuter,Norway,Oslo,Oslo,Norweger,Norwegerin,norwegisch,UN member state
512,OM,OMN,https://upload.wikimedia.org/wikipedia/commons/thumb/d/dd/Flag_of_Oman.svg/23px-Flag_of_Oman.svg.png,das Sultanat Oman,neuter,The Sultanate of Oman,Oman,masculine,Oman,Maskat,Muscat,Omaner,Omanerin,omanisch,UN member state
586,PK,PAK,https://upload.wikimedia.org/wikipedia/commons/thumb/3/32/Flag_of_Pakistan.svg/23px-Flag_of_Pakistan.svg.png,Islamische Republik Pakistan,feminine,The Islamic Republic of Pakistan,Pakistan,neuter,Pakistan,Islamabad,Islamabad,Pakistaner,Pakistanerin,pakistanisch,UN member state
585,PW,PLW,https://upload.wikimedia.org/wikipedia/commons/thumb/4/48/Flag_of_Palau.svg/23px-Flag_of_Palau.svg.png,Republik Palau,feminine,The Republic of Palau,Palau,neuter,Palau,Ngerulmud (Melekeok),Ngerulmud (Melekeok),Palauer,Palauerin,palauisch,UN member state
275,PS,PSE,https://upload.wikimedia.org/wikipedia/commons/thumb/0/00/Flag_of_Palestine.svg/23px-Flag_of_Palestine.svg.png,Palästinensische Autonomiegebiete,feminine,The State of Palestine,Palästina,,"Palestine, State of",,,,,,UN observer state
591,PA,PAN,https://upload.wikimedia.org/wikipedia/commons/thumb/a/ab/Flag_of_Panama.svg/23px-Flag_of_Panama.svg.png,Republik Panama,feminine,The Republic of Panamá,Panama,neuter,Panama,Panama,Panama City,Panamaer,Panamaerin,panamaisch,UN member state
598,PG,PNG,https://upload.wikimedia.org/wikipedia/commons/thumb/e/e3/Flag_of_Papua_New_Guinea.svg/20px-Flag_of_Papua_New_Guinea.svg.png,Unabhängige Staat Papua-Neuguinea,masculine,The Independent State of Papua New Guinea,Papua-Neuguinea,neuter,Papua New Guinea,Port Moresby,Port Moresby,Papua-Neuguineer,Papua-Neuguineerin,papua-neuguineisch,UN member state
600,PY,PRY,https://upload.wikimedia.org/wikipedia/commons/thumb/2/27/Flag_of_Paraguay.svg/23px-Flag_of_Paraguay.svg.png,Republik Paraguay,feminine,The Republic of Paraguay,Paraguay,neuter,Paraguay,Asunción,Asunción,Paraguayer,Paraguayerin,paraguayisch,UN member state
604,PE,PER,https://upload.wikimedia.org/wikipedia/commons/thumb/c/cf/Flag_of_Peru.svg/23px-Flag_of_Peru.svg.png,Republik Peru,feminine,The Republic of Peru,Peru,neuter,Peru,Lima,Lima,Peruaner,Peruanerin,peruanisch,UN member state
608,PH,PHL,https://upload.wikimedia.org/wikipedia/commons/thumb/9/99/Flag_of_the_Philippines.svg/23px-Flag_of_the_Philippines.svg.png,Republik der Philippinen,feminine,The Republic of the Philippines,die Philippinen,plural,Philippines (the),Manila,Manila,Philippiner,Philippinerin,philippinisch,UN member state
612,PN,PCN,https://upload.wikimedia.org/wikipedia/commons/thumb/8/88/Flag_of_the_Pitcairn_Islands.svg/23px-Flag_of_the_Pitcairn_Islands.svg.png,Pitcairninseln,plural,"the Pitcairn Islands Group (Pitcairn, Henderson, Ducie and Oeno Islands)",Pitcairninseln,plural,Pitcairn,Adamstown,Adamstown,,,,United Kingdom
616,PL,POL,https://upload.wikimedia.org/wikipedia/en/thumb/1/12/Flag_of_Poland.svg/23px-Flag_of_Poland.svg.png,Republik Polen,feminine,The Republic of Poland,Polen,neuter,Poland,Warschau,Warsaw,Pole,Polin,polnisch,UN member state
620,PT,PRT,https://upload.wikimedia.org/wikipedia/commons/thumb/5/5c/Flag_of_Portugal.svg/23px-Flag_of_Portugal.svg.png,Portugiesische Republik,feminine,The Portuguese Republic,Portugal,neuter,Portugal,Lissabon,Lisbon,Portugiese,Portugiesin,portugiesisch,UN member state
630,PR,PRI,https://upload.wikimedia.org/wikipedia/commons/thumb/2/28/Flag_of_Puerto_Rico.svg/23px-Flag_of_Puerto_Rico.svg.png,der Freistaat Puerto Rico,masculine,The Commonwealth of Puerto Rico,Puerto Rico,neuter,Puerto Rico,San Juan,San Juan,Puerto-Ricaner,Puerto-Ricanerin,puerto-ricanisch,United States
634,QA,QAT,https://upload.wikimedia.org/wikipedia/commons/thumb/6/65/Flag_of_Qatar.svg/23px-Flag_of_Qatar.svg.png,Staat Katar,masculine,The State of Qatar,Katar,neuter,Qatar,Doha,Doha,Katarer,Katarerin,katarisch,UN member state
638,RE,REU,https://upload.wikimedia.org/wikipedia/commons/thumb/8/8e/Proposed_flag_of_R%C3%A9union_%28VAR%29.svg/23px-Proposed_flag_of_R%C3%A9union_%28VAR%29.svg.png,Réunion,neuter,Réunion,Réunion,neuter,Réunion,Saint-Denis,Saint-Denis,,,,France
642,RO,ROU,https://upload.wikimedia.org/wikipedia/commons/thumb/7/73/Flag_of_Romania.svg/23px-Flag_of_Romania.svg.png,Rumänien,neuter,Romania,Rumänien,neuter,Romania,Bukarest,Bucharest,Rumäne,Rumänin,rumänisch,UN member state
643,RU,RUS,https://upload.wikimedia.org/wikipedia/en/thumb/f/f3/Flag_of_Russia.svg/23px-Flag_of_Russia.svg.png,Russische Föderation,feminine,The Russian Federation,Russische Föderation,feminine,Russian Federation (the),Moskau,Moscow,der Russischen Föderation,der Russischen Föderation,russisch,UN member state
646,RW,RWA,https://upload.wikimedia.org/wikipedia/commons/thumb/1/17/Flag_of_Rwanda.svg/23px-Flag_of_Rwanda.svg.png,Republik Ruanda,feminine,The Republic of Rwanda,Ruanda,neuter,Rwanda,Kigali,Kigali,Ruander,Ruanderin,ruandisch,UN member state
652,BL,BLM,https://upload.wikimedia.org/wikipedia/commons/thumb/e/e7/Flag_of_Saint_Barth%C3%A9lemy_%28Local%29.svg/23px-Flag_of_Saint_Barth%C3%A9lemy_%28Local%29.svg.png,Gebietskörperschaft St. Barthélemy,feminine,The Collectivity of Saint-Barthélemy,Saint Barthélemy,neuter,Saint Barthélemy,Gustavia,Gustavia,,,,France
654,SH,SHN,https://upload.wikimedia.org/wikipedia/commons/thumb/0/00/Flag_of_Saint_Helena.svg/23px-Flag_of_Saint_Helena.svg.png,"St. Helena, Ascension und Tristan da Cunha",neuter,"Saint Helena, Ascension and Tristan da Cunha","St. Helena, Ascension und Tristan da Cunha",neuter,"St. Helena, Ascension und Tristan da Cunha",Jamestown,Jamestown,,,,United Kingdom
659,KN,KNA,https://upload.wikimedia.org/wikipedia/commons/thumb/f/fe/Flag_of_Saint_Kitts_and_Nevis.svg/23px-Flag_of_Saint_Kitts_and_Nevis.svg.png,Föderation St. Kitts und Nevis,feminine,Saint Kitts and Nevis,St. Kitts und Nevis,neuter,Saint Kitts and Nevis,Basseterre,Basseterre,,,,UN member state
662,LC,LCA,https://upload.wikimedia.org/wikipedia/commons/thumb/9/9f/Flag_of_Saint_Lucia.svg/23px-Flag_of_Saint_Lucia.svg.png,St. Lucia,neuter,Saint Lucia,St. Lucia,neuter,Saint Lucia,Castries,Castries,Lucianer,Lucianerin,lucianisch,UN member state
663,MF,MAF,https://upload.wikimedia.org/wikipedia/en/thumb/c/c3/Flag_of_France.svg/23px-Flag_of_France.svg.png,Gebietskörperschaft St. Martin,feminine,The Collectivity of Saint-Martin,St. Martin,masculine,Saint Martin (French part),Marigot,Marigot,,,,France
666,PM,SPM,https://upload.wikimedia.org/wikipedia/commons/thumb/7/74/Flag_of_Saint-Pierre_and_Miquelon.svg/23px-Flag_of_Saint-Pierre_and_Miquelon.svg.png,Gebietskörperschaft St. Pierre und Miquelon,feminine,The Overseas Collectivity of Saint-Pierre and Miquelon,St. Pierre und Miquelon,neuter,Saint Pierre and Miquelon,Saint-Pierre,Saint-Pierre,,,,France
670,VC,VCT,https://upload.wikimedia.org/wikipedia/commons/thumb/6/6d/Flag_of_Saint_Vincent_and_the_Grenadines.svg/23px-Flag_of_Saint_Vincent_and_the_Grenadines.svg.png,St. Vincent und die Grenadinen,neuter,Saint Vincent and the Grenadines,St. Vincent und die Grenadinen,neuter,Saint Vincent and the Grenadines,Kingstown,Kingstown,Vincenter,Vincenterin,vincentisch,UN member state
882,WS,WSM,https://upload.wikimedia.org/wikipedia/commons/thumb/3/31/Flag_of_Samoa.svg/23px-Flag_of_Samoa.svg.png,Unabhängige Staat Samoa,masculine,The Independent State of Samoa,Samoa,neuter,Samoa,Apia,Apia,Samoaner,Samoanerin,samoanisch,UN member state
674,SM,SMR,https://upload.wikimedia.org/wikipedia/commons/thumb/b/b1/Flag_of_San_Marino.svg/20px-Flag_of_San_Marino.svg.png,Republik San Marino,feminine,The Republic of San Marino,San Marino,neuter,San Marino,San Marino,San Marino,San-Marinese,San-Marinesin,san-marinesisch,UN member state
678,ST,STP,https://upload.wikimedia.org/wikipedia/commons/thumb/0/0a/Flag_of_S%C3%A3o_Tom%C3%A9_and_Pr%C3%ADncipe.svg/23px-Flag_of_S%C3%A3o_Tom%C3%A9_and_Pr%C3%ADncipe.svg.png,Demokratische Republik São Tomé und Príncipe,feminine,the Democratic Republic of Sao Tome and Principe,São Tomé und Príncipe,neuter,Sao Tome and Principe,São Tomé,São Tomé,São-Toméer,São-Toméerin,são-toméisch,UN member state
682,SA,SAU,https://upload.wikimedia.org/wikipedia/commons/thumb/0/0d/Flag_of_Saudi_Arabia.svg/23px-Flag_of_Saudi_Arabia.svg.png,das Königreich Saudi-Arabien,neuter,The Kingdom of Saudi Arabia,Saudi-Arabien,neuter,Saudi Arabia,Riad,Riyadh,Saudi-Araber,Saudi-Araberin,saudi-arabisch,UN member state
686,SN,SEN,https://upload.wikimedia.org/wikipedia/commons/thumb/f/fd/Flag_of_Senegal.svg/23px-Flag_of_Senegal.svg.png,Republik Senegal,feminine,The Republic of Senegal,Senegal,masculine,Senegal,Dakar,Dakar,Senegalese,Senegalesin,senegalesisch,UN member state
688,RS,SRB,https://upload.wikimedia.org/wikipedia/commons/thumb/f/ff/Flag_of_Serbia.svg/23px-Flag_of_Serbia.svg.png,Republik Serbien,feminine,The Republic of Serbia,Serbien,neuter,Serbia,Belgrad,Belgrade,Serbe,Serbe,Serbe,UN member state
690,SC,SYC,https://upload.wikimedia.org/wikipedia/commons/thumb/f/fc/Flag_of_Seychelles.svg/23px-Flag_of_Seychelles.svg.png,Republik Seychellen,feminine,The Republic of Seychelles,Seychellen,plural,Seychelles,Victoria,Victoria,Seycheller,Seychellerin,seychellisch,UN member state
694,SL,SLE,https://upload.wikimedia.org/wikipedia/commons/thumb/1/17/Flag_of_Sierra_Leone.svg/23px-Flag_of_Sierra_Leone.svg.png,Republik Sierra Leone,feminine,The Republic of Sierra Leone,Sierra Leone,neuter,Sierra Leone,Freetown,Freetown,Sierra-Leoner,Sierra-Leonerin,sierra-leonisch,UN member state
702,SG,SGP,https://upload.wikimedia.org/wikipedia/commons/thumb/4/48/Flag_of_Singapore.svg/23px-Flag_of_Singapore.svg.png,Republik Singapur,feminine,The Republic of Singapore,Singapur,neuter,Singapore,Singapur,Singapur,Singapurer,Singapurerin,singapurisch,UN member state
534,SX,SXM,https://upload.wikimedia.org/wikipedia/commons/thumb/d/d3/Flag_of_Sint_Maarten.svg/23px-Flag_of_Sint_Maarten.svg.png,Sint Maarten,,Sint Maarten,Sint Maarten,,Sint Maarten (Dutch part),Philipsburg,Philipsburg,,,,Netherlands
703,SK,SVK,https://upload.wikimedia.org/wikipedia/commons/thumb/e/e6/Flag_of_Slovakia.svg/23px-Flag_of_Slovakia.svg.png,Slowakische Republik,feminine,The Slovak Republic,Slowakei,feminine,Slovakia,Pressburg,Bratislava,Slowake,Slowakin,slowakisch,UN member state
705,SI,SVN,https://upload.wikimedia.org/wikipedia/commons/thumb/f/f0/Flag_of_Slovenia.svg/23px-Flag_of_Slovenia.svg.png,Republik Slowenien,feminine,The Republic of Slovenia,Slowenien,neuter,Slovenia,Laibach,Ljubljana,Slowene,Slowenin,slowenisch,UN member state
090,SB,SLB,https://upload.wikimedia.org/wikipedia/commons/thumb/7/74/Flag_of_the_Solomon_Islands.svg/23px-Flag_of_the_Solomon_Islands.svg.png,Salomonen,plural,The Solomon Islands,Salomonen,plural,Solomon Islands,Honiara,Honiara,Salomoner,Salomonerin,salomonisch,UN member state
706,SO,SOM,https://upload.wikimedia.org/wikipedia/commons/thumb/a/a0/Flag_of_Somalia.svg/23px-Flag_of_Somalia.svg.png,Bundesrepublik Somalia,feminine,The Federal Republic of Somalia,Somalia,neuter,Somalia,Mogadischu,Mogadishu,Somalier,Somalierin,somalisch,UN member state
710,ZA,ZAF,https://upload.wikimedia.org/wikipedia/commons/thumb/a/af/Flag_of_South_Africa.svg/23px-Flag_of_South_Africa.svg.png,Republik Südafrika,feminine,The Republic of South Africa,Südafrika,neuter,South Africa,Pretoria,Pretoria,Südafrikaner,Südafrikanerin,südafrikanisch,UN member state
239,GS,SGS,https://upload.wikimedia.org/wikipedia/commons/thumb/e/ed/Flag_of_South_Georgia_and_the_South_Sandwich_Islands.svg/23px-Flag_of_South_Georgia_and_the_South_Sandwich_Islands.svg.png,Südgeorgien und die Südlichen Sandwichinseln,neuter,South Georgia and the South Sandwich Islands,Südgeorgien und die Südlichen Sandwichinseln,neuter,South Georgia and the South Sandwich Islands,,,,,,United Kingdom
728,SS,SSD,https://upload.wikimedia.org/wikipedia/commons/thumb/7/7a/Flag_of_South_Sudan.svg/23px-Flag_of_South_Sudan.svg.png,Republik Südsudan,feminine,The Republic of South Sudan,Südsudan,masculine,South Sudan,Dschuba,Juba,Südsudanese,Südsudanesin,südsudanesisch,UN member state
724,ES,ESP,https://upload.wikimedia.org/wikipedia/en/thumb/9/9a/Flag_of_Spain.svg/23px-Flag_of_Spain.svg.png,das Königreich Spanien,neuter,The Kingdom of Spain,Spanien,neuter,Spain,Madrid,Madrid,Spanier,Spanierin,spanisch,UN member state
144,LK,LKA,https://upload.wikimedia.org/wikipedia/commons/thumb/1/11/Flag_of_Sri_Lanka.svg/23px-Flag_of_Sri_Lanka.svg.png,Demokratische Sozialistische Republik Sri Lanka,feminine,The Democratic Socialist Republic of Sri Lanka,Sri Lanka,neuter,Sri Lanka,Colombo,Colombo,Sri-Lanker,Sri-Lankerin,sri-lankisch,UN member state
729,SD,SDN,https://upload.wikimedia.org/wikipedia/commons/thumb/0/01/Flag_of_Sudan.svg/23px-Flag_of_Sudan.svg.png,Republik Sudan,feminine,The Republic of the Sudan,Sudan,masculine,Sudan (the),Khartum,Khartoum,Sudanese,Sudanesin,sudanesisch,UN member state
740,SR,SUR,https://upload.wikimedia.org/wikipedia/commons/thumb/6/60/Flag_of_Suriname.svg/23px-Flag_of_Suriname.svg.png,Republik Suriname,feminine,The Republic of Suriname,Suriname,neuter,Suriname,Paramaribo,Paramaribo,Surinamer,Surinamerin,surinamisch,UN member state
744,SJ,SJM,https://upload.wikimedia.org/wikipedia/commons/thumb/d/d9/Flag_of_Norway.svg/21px-Flag_of_Norway.svg.png,Svalbard und Jan Mаyen,neuter,Svalbard and Jan Mayen,Svalbard und Jan Mаyen,neuter,Svalbard und Jan Mаyen,Spitzbergen,Spitsbergen,,,,Norway
752,SE,SWE,https://upload.wikimedia.org/wikipedia/en/thumb/4/4c/Flag_of_Sweden.svg/23px-Flag_of_Sweden.svg.png,das Königreich Schweden,neuter,The Kingdom of Sweden,Schweden,neuter,Sweden,Stockholm,Stockholm,Schwede,Schwedin,schwedisch,UN member state
756,CH,CHE,https://upload.wikimedia.org/wikipedia/commons/thumb/0/08/Flag_of_Switzerland_%28Pantone%29.svg/16px-Flag_of_Switzerland_%28Pantone%29.svg.png,Schweizerische Eidgenossenschaft,feminine,The Swiss Confederation,Schweiz,feminine,Switzerland,Bern,Berne,Schweizer,Schweizerin,schweizerisch,UN member state
760,SY,SYR,https://upload.wikimedia.org/wikipedia/commons/thumb/5/53/Flag_of_Syria.svg/23px-Flag_of_Syria.svg.png,Arabische Republik Syrien,feminine,The Syrian Arab Republic,Arabische Republik Syrien,feminine,Syrian Arab Republic (the),Damaskus,Damascus,Syrer,Syrerin,syrisch,UN member state
158,TW,TWN,https://upload.wikimedia.org/wikipedia/commons/thumb/7/72/Flag_of_the_Republic_of_China.svg/23px-Flag_of_the_Republic_of_China.svg.png,Republik China (Taiwan),feminine,The Republic of China,Taiwan,neuter,Taiwan (Province of China),Taipeh,Taipei City,,,,Disputed 
762,TJ,TJK,https://upload.wikimedia.org/wikipedia/commons/thumb/d/d0/Flag_of_Tajikistan.svg/23px-Flag_of_Tajikistan.svg.png,Republik Tadschikistan,feminine,The Republic of Tajikistan,Tadschikistan,neuter,Tajikistan,Duschanbe,Dushanbe,Tadschike,Tadschikin,tadschikisch,UN member state
834,TZ,TZA,https://upload.wikimedia.org/wikipedia/commons/thumb/3/38/Flag_of_Tanzania.svg/23px-Flag_of_Tanzania.svg.png,Vereinigte Republik Tansania,feminine,The United Republic of Tanzania,Vereinigte Republik Tansania,feminine,"Tanzania, the United Republic of",Dodoma,Dodoma,Tansanier,Tansanierin,tansanisch,UN member state
764,TH,THA,https://upload.wikimedia.org/wikipedia/commons/thumb/a/a9/Flag_of_Thailand.svg/23px-Flag_of_Thailand.svg.png,das Königreich Thailand,neuter,The Kingdom of Thailand,Thailand,neuter,Thailand,Bangkok,Bangkok,Thailänder,Thailänderin,thailändisch,UN member state
626,TL,TLS,https://upload.wikimedia.org/wikipedia/commons/thumb/2/26/Flag_of_East_Timor.svg/23px-Flag_of_East_Timor.svg.png,Demokratische Republik Timor-Leste,feminine,The Democratic Republic of Timor-Leste,Timor-Leste,neuter,Timor-Leste,Dili,Dili,von Timor-Leste,von Timor-Leste,von Timor-Leste,UN member state
768,TG,TGO,https://upload.wikimedia.org/wikipedia/commons/thumb/6/68/Flag_of_Togo.svg/23px-Flag_of_Togo.svg.png,Republik Togo,feminine,The Togolese Republic,Togo,neuter,Togo,Lomé,Lomé,Togoer,Togoerin,togoisch,UN member state
772,TK,TKL,https://upload.wikimedia.org/wikipedia/commons/thumb/8/8e/Flag_of_Tokelau.svg/23px-Flag_of_Tokelau.svg.png,Tokelau,neuter,Tokelau,Tokelau,neuter,Tokelau,"Rotates annually between Atafu, Nukunonu and Fakaofo[1]",,,,,New Zealand
776,TO,TON,https://upload.wikimedia.org/wikipedia/commons/thumb/9/9a/Flag_of_Tonga.svg/23px-Flag_of_Tonga.svg.png,das Königreich Tonga,neuter,The Kingdom of Tonga,Tonga,neuter,Tonga,Nuku'alofa,Nuku'alofa,Tongaer,Tongaerin,tongaisch,UN member state
780,TT,TTO,https://upload.wikimedia.org/wikipedia/commons/thumb/6/64/Flag_of_Trinidad_and_Tobago.svg/23px-Flag_of_Trinidad_and_Tobago.svg.png,Republik Trinidad und Tobago,feminine,The Republic of Trinidad and Tobago,Trinidad und Tobago,neuter,Trinidad and Tobago,Port-of-Spain,Port of Spain,von Trinidad und Tobago,von Trinidad und Tobago,von Trinidad und Tobago,UN member state
788,TN,TUN,https://upload.wikimedia.org/wikipedia/commons/thumb/c/ce/Flag_of_Tunisia.svg/23px-Flag_of_Tunisia.svg.png,Tunesische Republik,feminine,The Republic of Tunisia,Tunesien,neuter,Tunisia,Tunis,Tunis,Tunesier,Tunesierin,tunesisch,UN member state
792,TR,TUR,https://upload.wikimedia.org/wikipedia/commons/thumb/b/b4/Flag_of_Turkey.svg/23px-Flag_of_Turkey.svg.png,Republik Türkei,feminine,The Republic of Turkey,Türkei,feminine,Turkey,Ankara,Ankara,Türke,Türkin,türkisch,UN member state
795,TM,TKM,https://upload.wikimedia.org/wikipedia/commons/thumb/1/1b/Flag_of_Turkmenistan.svg/23px-Flag_of_Turkmenistan.svg.png,Turkmenistan,neuter,Turkmenistan,Turkmenistan,neuter,Turkmenistan,Aschgabat,Ashgabat,Turkmene,Turkmenin,turkmenisch,UN member state
796,TC,TCA,https://upload.wikimedia.org/wikipedia/commons/thumb/a/a0/Flag_of_the_Turks_and_Caicos_Islands.svg/23px-Flag_of_the_Turks_and_Caicos_Islands.svg.png,Turks- und Caicosinseln,plural,The Turks and Caicos Islands,Turks- und Caicosinseln,plural,Turks and Caicos Islands (the),Cockburn Town,Cockburn Town,,,,United Kingdom
798,TV,TUV,https://upload.wikimedia.org/wikipedia/commons/thumb/3/38/Flag_of_Tuvalu.svg/23px-Flag_of_Tuvalu.svg.png,Tuvalu,neuter,Tuvalu,Tuvalu,neuter,Tuvalu,Funafuti,Funafuti,Tuvaluer,Tuvaluerin,tuvaluisch,UN member state
800,UG,UGA,https://upload.wikimedia.org/wikipedia/commons/thumb/4/4e/Flag_of_Uganda.svg/23px-Flag_of_Uganda.svg.png,Republik Uganda,feminine,The Republic of Uganda,Uganda,neuter,Uganda,Kampala,Kampala,Ugander,Uganderin,ugandisch,UN member state
804,UA,UKR,https://upload.wikimedia.org/wikipedia/commons/thumb/4/49/Flag_of_Ukraine.svg/23px-Flag_of_Ukraine.svg.png,Ukraine,feminine,Ukraine,Ukraine,feminine,Ukraine,Kiew,Kyiv,Ukrainer,Ukrainerin,ukrainisch,UN member state
784,AE,ARE,https://upload.wikimedia.org/wikipedia/commons/thumb/c/cb/Flag_of_the_United_Arab_Emirates.svg/23px-Flag_of_the_United_Arab_Emirates.svg.png,Vereinigten Arabischen Emirate,plural,The United Arab Emirates,Vereinigten Arabischen Emirate,plural,United Arab Emirates (the),Abu Dhabi,Abu Dhabi,der Vereinigten Arabischen Emirate,der Vereinigten Arabischen Emirate,der Vereinigten Arabischen Emirate,UN member state
826,GB,GBR,https://upload.wikimedia.org/wikipedia/en/thumb/a/ae/Flag_of_the_United_Kingdom.svg/23px-Flag_of_the_United_Kingdom.svg.png,das Vereinigte Königreich Großbritannien und Nordirland,neuter,The United Kingdom of Great Britain and Northern Ireland,Vereinigtes Königreich,neuter,United Kingdom of Great Britain and Northern Ireland (the),London,London,Brite,Britin,britisch,UN member state
581,UM,UMI,https://upload.wikimedia.org/wikipedia/en/thumb/a/a4/Flag_of_the_United_States.svg/23px-Flag_of_the_United_States.svg.png,Kleineren Amerikanischen Überseeinseln,plural,the United States Minor Outlying Islands,Kleinere Amerikanische Überseeinseln,plural,United States Minor Outlying Islands (the),,,,,,United States
840,US,USA,https://upload.wikimedia.org/wikipedia/en/thumb/a/a4/Flag_of_the_United_States.svg/23px-Flag_of_the_United_States.svg.png,Vereinigten Staaten von Amerika,plural,The United States of America,Vereinigten Staaten,plural,United States of America (the),Washington,Washington,der Vereinigten Staaten (von Amerika) / Amerikaner,Amerikanerin,der Vereinigten Staaten (von Amerika) / amerikanisch,UN member state
858,UY,URY,https://upload.wikimedia.org/wikipedia/commons/thumb/f/fe/Flag_of_Uruguay.svg/23px-Flag_of_Uruguay.svg.png,Republik Östlich des Uruguay,feminine,The Eastern Republic of Uruguay,Uruguay,neuter,Uruguay,Montevideo,Montevideo,Uruguayer,Uruguayerin,uruguayisch,UN member state
860,UZ,UZB,https://upload.wikimedia.org/wikipedia/commons/thumb/8/84/Flag_of_Uzbekistan.svg/23px-Flag_of_Uzbekistan.svg.png,Republik Usbekistan,feminine,The Republic of Uzbekistan,Usbekistan,neuter,Uzbekistan,Taschkent,Tashkent,Usbeke,Usbekin,usbekisch,UN member state
548,VU,VUT,https://upload.wikimedia.org/wikipedia/commons/thumb/b/bc/Flag_of_Vanuatu.svg/23px-Flag_of_Vanuatu.svg.png,Republik Vanuatu,feminine,The Republic of Vanuatu,Vanuatu,neuter,Vanuatu,Port Vila,Port Vila,Vanuatuer,Vanuatuerin,vanuatuisch,UN member state
862,VE,VEN,https://upload.wikimedia.org/wikipedia/commons/thumb/7/7b/Flag_of_Venezuela_%28state%29.svg/23px-Flag_of_Venezuela_%28state%29.svg.png,Bolivarische Republik Venezuela,feminine,The Bolivarian Republic of Venezuela,Bolivarische Republik Venezuela,feminine,Venezuela (Bolivarian Republic of),Caracas,Caracas,Venezolaner,Venezolanerin,venezolanisch,UN member state
704,VN,VNM,https://upload.wikimedia.org/wikipedia/commons/thumb/2/21/Flag_of_Vietnam.svg/23px-Flag_of_Vietnam.svg.png,Sozialistische Republik Vietnam,feminine,The Socialist Republic of Viet Nam,Vietnam,neuter,Viet Nam,Hanoi,Hanoi,Vietnamese,Vietnamesin,vietnamesisch,UN member state
092,VG,VGB,https://upload.wikimedia.org/wikipedia/commons/thumb/4/42/Flag_of_the_British_Virgin_Islands.svg/23px-Flag_of_the_British_Virgin_Islands.svg.png,Britischen Jungferninseln,plural,the British Virgin Islands,Britischen Jungferninseln,plural,Virgin Islands (British),Road Town,Road Town,,,,United Kingdom
850,VI,VIR,https://upload.wikimedia.org/wikipedia/commons/thumb/f/f8/Flag_of_the_United_States_Virgin_Islands.svg/23px-Flag_of_the_United_States_Virgin_Islands.svg.png,Amerikanischen Jungferninseln,plural,The Virgin Islands of the United States,Amerikanischen Jungferninseln,plural,Virgin Islands (U.S.),Charlotte Amalie,Charlotte Amalie,,,,United States
876,WF,WLF,https://upload.wikimedia.org/wikipedia/commons/thumb/d/d2/Flag_of_Wallis_and_Futuna.svg/23px-Flag_of_Wallis_and_Futuna.svg.png,Wallis und Futuna,neuter,The Territory of the Wallis and Futuna Islands,Wallis und Futuna,neuter,Wallis and Futuna,Mata Utu,Mata Utu,,,,France
732,EH,ESH,https://upload.wikimedia.org/wikipedia/commons/thumb/2/26/Flag_of_the_Sahrawi_Arab_Democratic_Republic.svg/23px-Flag_of_the_Sahrawi_Arab_Democratic_Republic.svg.png,Arabische Saharauische Demokratische Republik,feminine,The Sahrawi Arab Democratic Republic,Arabische Saharauische Demokratische Republik,neuter,Sahrawi Arab Democratic Republic,El Aaiún (de jure)⁠ / Tifariti (de facto),El Aaiúna (de jure) Tifariti (de facto),,,,Disputed 
887,YE,YEM,https://upload.wikimedia.org/wikipedia/commons/thumb/8/89/Flag_of_Yemen.svg/23px-Flag_of_Yemen.svg.png,Republik Jemen,feminine,The Republic of Yemen,Jemen,masculine,Yemen,Sanaa,Sana'a,Jemenit,Jemenitin,jemenitisch,UN member state
894,ZM,ZMB,https://upload.wikimedia.org/wikipedia/commons/thumb/0/06/Flag_of_Zambia.svg/23px-Flag_of_Zambia.svg.png,Republik Sambia,feminine,The Republic of Zambia,Sambia,neuter,Zambia,Lusaka,Lusaka,Sambier,Sambierin,sambisch,UN member state
716,ZW,ZWE,https://upload.wikimedia.org/wikipedia/commons/thumb/6/6a/Flag_of_Zimbabwe.svg/23px-Flag_of_Zimbabwe.svg.png,Republik Simbabwe,feminine,The Republic of Zimbabwe,Simbabwe,neuter,Zimbabwe,Harare,Harare,Simbabwer,Simbabwerin,simbabwisch,UN member state