iso,iso_a2,iso_a3,flag,status,long,lon_gender,long_en,short,short_gender,short_en,capital,capital_en,language,national_m,national_f,nationality,sov_status,part_of
004,AF,AFG,https://upload.wikimedia.org/wikipedia/commons/thumb/c/cd/Flag_of_Afghanistan_%282013%E2%80%932021%29.svg/23px-Flag_of_Afghanistan_%282013%E2%80%932021%29.svg.png,,,,The Islamic Republic of Afghanistan,,,Afghanistan,,,,,,,UN member state,
248,AX,ALA,https://upload.wikimedia.org/wikipedia/commons/thumb/5/52/Flag_of_%C3%85land.svg/23px-Flag_of_%C3%85land.svg.png,,,,Åland,,,Åland Islands,,,,,,,,Finland
008,AL,ALB,https://upload.wikimedia.org/wikipedia/commons/thumb/3/36/Flag_of_Albania.svg/21px-Flag_of_Albania.svg.png,,,,The Republic of Albania,,,Albania,,,,,,,UN member state,
012,DZ,DZA,https://upload.wikimedia.org/wikipedia/commons/thumb/7/77/Flag_of_Algeria.svg/23px-Flag_of_Algeria.svg.png,,,,The People's Democratic Republic of Algeria,,,Algeria,,,,,,,UN member state,
016,AS,ASM,https://upload.wikimedia.org/wikipedia/commons/thumb/8/87/Flag_of_American_Samoa.svg/23px-Flag_of_American_Samoa.svg.png,,,,The Territory of American Samoa,,,American Samoa,,,,,,,,United States
020,AD,AND,https://upload.wikimedia.org/wikipedia/commons/thumb/1/19/Flag_of_Andorra.svg/22px-Flag_of_Andorra.svg.png,,,,The Principality of Andorra,,,Andorra,,,,,,,UN member state,
024,AO,AGO,https://upload.wikimedia.org/wikipedia/commons/thumb/9/9d/Flag_of_Angola.svg/23px-Flag_of_Angola.svg.png,,,,The Republic of Angola,,,Angola,,,,,,,UN member state,
660,AI,AIA,https://upload.wikimedia.org/wikipedia/commons/thumb/b/b4/Flag_of_Anguilla.svg/23px-Flag_of_Anguilla.svg.png,,,,Anguilla,,,Anguilla,,,,,,,,United Kingdom
010,AQ,ATA,,,,,All land and ice shelves south of the 60th parallel south,,,Antarctica,,,,,,,,Antarctic Treaty
028,AG,ATG,https://upload.wikimedia.org/wikipedia/commons/thumb/8/89/Flag_of_Antigua_and_Barbuda.svg/23px-Flag_of_Antigua_and_Barbuda.svg.png,,,,Antigua and Barbuda,,,Antigua and Barbuda,,,,,,,UN member state,
032,AR,ARG,https://upload.wikimedia.org/wikipedia/commons/thumb/1/1a/Flag_of_Argentina.svg/23px-Flag_of_Argentina.svg.png,,,,The Argentine Republic,,,Argentina,,,,,,,UN member state,
051,AM,ARM,https://upload.wikimedia.org/wikipedia/commons/thumb/2/2f/Flag_of_Armenia.svg/23px-Flag_of_Armenia.svg.png,,,,The Republic of Armenia,,,Armenia,,,,,,,UN member state,
533,AW,ABW,https://upload.wikimedia.org/wikipedia/commons/thumb/f/f6/Flag_of_Aruba.svg/23px-Flag_of_Aruba.svg.png,,,,Aruba,,,Aruba,,,,,,,,Netherlands
036,AU,AUS,https://upload.wikimedia.org/wikipedia/commons/thumb/8/88/Flag_of_Australia_%28converted%29.svg/23px-Flag_of_Australia_%28converted%29.svg.png,,,,The Commonwealth of Australia,,,Australia,,,,,,,UN member state,
040,AT,AUT,https://upload.wikimedia.org/wikipedia/commons/thumb/4/41/Flag_of_Austria.svg/23px-Flag_of_Austria.svg.png,,,,The Republic of Austria,,,Austria,,,,,,,UN member state,
031,AZ,AZE,https://upload.wikimedia.org/wikipedia/commons/thumb/d/dd/Flag_of_Azerbaijan.svg/23px-Flag_of_Azerbaijan.svg.png,,,,The Republic of Azerbaijan,,,Azerbaijan,,,,,,,UN member state,
044,BS,BHS,https://upload.wikimedia.org/wikipedia/commons/thumb/9/93/Flag_of_the_Bahamas.svg/23px-Flag_of_the_Bahamas.svg.png,,,,The Commonwealth of The Bahamas,,,Bahamas (the),,,,,,,UN member state,
048,BH,BHR,https://upload.wikimedia.org/wikipedia/commons/thumb/2/2c/Flag_of_Bahrain.svg/23px-Flag_of_Bahrain.svg.png,,,,The Kingdom of Bahrain,,,Bahrain,,,,,,,UN member state,
050,BD,BGD,https://upload.wikimedia.org/wikipedia/commons/thumb/f/f9/Flag_of_Bangladesh.svg/23px-Flag_of_Bangladesh.svg.png,,,,The People's Republic of Bangladesh,,,Bangladesh,,,,,,,UN member state,
052,BB,BRB,https://upload.wikimedia.org/wikipedia/commons/thumb/e/ef/Flag_of_Barbados.svg/23px-Flag_of_Barbados.svg.png,,,,Barbados,,,Barbados,,,,,,,UN member state,
112,BY,BLR,https://upload.wikimedia.org/wikipedia/commons/thumb/8/85/Flag_of_Belarus.svg/23px-Flag_of_Belarus.svg.png,,,,The Republic of Belarus,,,Belarus,,,,,,,UN member state,
056,BE,BEL,https://upload.wikimedia.org/wikipedia/commons/thumb/9/92/Flag_of_Belgium_%28civil%29.svg/23px-Flag_of_Belgium_%28civil%29.svg.png,,,,The Kingdom of Belgium,,,Belgium,,,,,,,UN member state,
084,BZ,BLZ,https://upload.wikimedia.org/wikipedia/commons/thumb/e/e7/Flag_of_Belize.svg/23px-Flag_of_Belize.svg.png,,,,Belize,,,Belize,,,,,,,UN member state,
204,BJ,BEN,https://upload.wikimedia.org/wikipedia/commons/thumb/0/0a/Flag_of_Benin.svg/23px-Flag_of_Benin.svg.png,,,,The Republic of Benin,,,Benin,,,,,,,UN member state,
060,BM,BMU,https://upload.wikimedia.org/wikipedia/commons/thumb/b/bf/Flag_of_Bermuda.svg/23px-Flag_of_Bermuda.svg.png,,,,Bermuda,,,Bermuda,,,,,,,,United Kingdom
064,BT,BTN,https://upload.wikimedia.org/wikipedia/commons/thumb/9/91/Flag_of_Bhutan.svg/23px-Flag_of_Bhutan.svg.png,,,,The Kingdom of Bhutan,,,Bhutan,,,,,,,UN member state,
068,BO,BOL,https://upload.wikimedia.org/wikipedia/commons/thumb/b/b3/Bandera_de_Bolivia_%28Estado%29.svg/22px-Bandera_de_Bolivia_%28Estado%29.svg.png,,,,The Plurinational State of Bolivia,,,Bolivia (Plurinational State of),,,,,,,UN member state,
535,BQ,BES,https://upload.wikimedia.org/wikipedia/commons/thumb/1/1e/Flag_of_Bonaire.svg/23px-Flag_of_Bonaire.svg.png,,,,"Bonaire, Sint Eustatius and Saba",,,Bonaire,,,,,,,,Netherlands
070,BA,BIH,https://upload.wikimedia.org/wikipedia/commons/thumb/b/bf/Flag_of_Bosnia_and_Herzegovina.svg/23px-Flag_of_Bosnia_and_Herzegovina.svg.png,,,,Bosnia and Herzegovina,,,Bosnia and Herzegovina,,,,,,,UN member state,
072,BW,BWA,https://upload.wikimedia.org/wikipedia/commons/thumb/f/fa/Flag_of_Botswana.svg/23px-Flag_of_Botswana.svg.png,,,,The Republic of Botswana,,,Botswana,,,,,,,UN member state,
074,BV,BVT,https://upload.wikimedia.org/wikipedia/commons/thumb/d/d9/Flag_of_Norway.svg/21px-Flag_of_Norway.svg.png,,,,Bouvet Island,,,Bouvet Island,,,,,,,,Norway
076,BR,BRA,https://upload.wikimedia.org/wikipedia/en/thumb/0/05/Flag_of_Brazil.svg/22px-Flag_of_Brazil.svg.png,,,,The Federative Republic of Brazil,,,Brazil,,,,,,,UN member state,
086,IO,IOT,https://upload.wikimedia.org/wikipedia/commons/thumb/6/65/Flag_of_the_Commissioner_of_the_British_Indian_Ocean_Territory.svg/23px-Flag_of_the_Commissioner_of_the_British_Indian_Ocean_Territory.svg.png,,,,The British Indian Ocean Territory,,,British Indian Ocean Territory (the),,,,,,,,United Kingdom
096,BN,BRN,https://upload.wikimedia.org/wikipedia/commons/thumb/9/9c/Flag_of_Brunei.svg/23px-Flag_of_Brunei.svg.png,,,,"The Nation of Brunei, the Abode of Peace",,,Brunei Darussalam,,,,,,,UN member state,
100,BG,BGR,https://upload.wikimedia.org/wikipedia/commons/thumb/9/9a/Flag_of_Bulgaria.svg/23px-Flag_of_Bulgaria.svg.png,,,,The Republic of Bulgaria,,,Bulgaria,,,,,,,UN member state,
854,BF,BFA,https://upload.wikimedia.org/wikipedia/commons/thumb/3/31/Flag_of_Burkina_Faso.svg/23px-Flag_of_Burkina_Faso.svg.png,,,,Burkina Faso,,,Burkina Faso,,,,,,,UN member state,
108,BI,BDI,https://upload.wikimedia.org/wikipedia/commons/thumb/5/50/Flag_of_Burundi.svg/23px-Flag_of_Burundi.svg.png,,,,The Republic of Burundi,,,Burundi,,,,,,,UN member state,
132,CV,CPV,https://upload.wikimedia.org/wikipedia/commons/thumb/3/38/Flag_of_Cape_Verde.svg/23px-Flag_of_Cape_Verde.svg.png,,,,The Republic of Cabo Verde,,,Cabo Verde,,,,,,,UN member state,
116,KH,KHM,https://upload.wikimedia.org/wikipedia/commons/thumb/8/83/Flag_of_Cambodia.svg/23px-Flag_of_Cambodia.svg.png,,,,The Kingdom of Cambodia,,,Cambodia,,,,,,,UN member state,
120,CM,CMR,https://upload.wikimedia.org/wikipedia/commons/thumb/4/4f/Flag_of_Cameroon.svg/23px-Flag_of_Cameroon.svg.png,,,,The Republic of Cameroon,,,Cameroon,,,,,,,UN member state,
124,CA,CAN,https://upload.wikimedia.org/wikipedia/commons/thumb/d/d9/Flag_of_Canada_%28Pantone%29.svg/23px-Flag_of_Canada_%28Pantone%29.svg.png,,,,Canada,,,Canada,,,,,,,UN member state,
136,KY,CYM,https://upload.wikimedia.org/wikipedia/commons/thumb/0/0f/Flag_of_the_Cayman_Islands.svg/23px-Flag_of_the_Cayman_Islands.svg.png,,,,The Cayman Islands,,,Cayman Islands (the),,,,,,,,United Kingdom
140,CF,CAF,https://upload.wikimedia.org/wikipedia/commons/thumb/6/6f/Flag_of_the_Central_African_Republic.svg/23px-Flag_of_the_Central_African_Republic.svg.png,,,,The Central African Republic,,,Central African Republic (the),,,,,,,UN member state,
148,TD,TCD,https://upload.wikimedia.org/wikipedia/commons/thumb/4/4b/Flag_of_Chad.svg/23px-Flag_of_Chad.svg.png,,,,The Republic of Chad,,,Chad,,,,,,,UN member state,
152,CL,CHL,https://upload.wikimedia.org/wikipedia/commons/thumb/7/78/Flag_of_Chile.svg/23px-Flag_of_Chile.svg.png,,,,The Republic of Chile,,,Chile,,,,,,,UN member state,
156,CN,CHN,https://upload.wikimedia.org/wikipedia/commons/thumb/f/fa/Flag_of_the_People%27s_Republic_of_China.svg/23px-Flag_of_the_People%27s_Republic_of_China.svg.png,,,,The People's Republic of China,,,China,,,,,,,UN member state,
162,CX,CXR,https://upload.wikimedia.org/wikipedia/commons/thumb/6/67/Flag_of_Christmas_Island.svg/23px-Flag_of_Christmas_Island.svg.png,,,,The Territory of Christmas Island,,,Christmas Island,,,,,,,,Australia
166,CC,CCK,https://upload.wikimedia.org/wikipedia/commons/thumb/7/74/Flag_of_the_Cocos_%28Keeling%29_Islands.svg/23px-Flag_of_the_Cocos_%28Keeling%29_Islands.svg.png,,,,The Territory of Cocos (Keeling) Islands,,,Cocos (Keeling) Islands (the),,,,,,,,Australia
170,CO,COL,https://upload.wikimedia.org/wikipedia/commons/thumb/2/21/Flag_of_Colombia.svg/23px-Flag_of_Colombia.svg.png,,,,The Republic of Colombia,,,Colombia,,,,,,,UN member state,
174,KM,COM,https://upload.wikimedia.org/wikipedia/commons/thumb/9/94/Flag_of_the_Comoros.svg/23px-Flag_of_the_Comoros.svg.png,,,,The Union of the Comoros,,,Comoros (the),,,,,,,UN member state,
180,CD,COD,https://upload.wikimedia.org/wikipedia/commons/thumb/6/6f/Flag_of_the_Democratic_Republic_of_the_Congo.svg/20px-Flag_of_the_Democratic_Republic_of_the_Congo.svg.png,,,,The Democratic Republic of the Congo,,,Congo (the Democratic Republic of the),,,,,,,UN member state,
178,CG,COG,https://upload.wikimedia.org/wikipedia/commons/thumb/9/92/Flag_of_the_Republic_of_the_Congo.svg/23px-Flag_of_the_Republic_of_the_Congo.svg.png,,,,The Republic of the Congo,,,Congo (the),,,,,,,UN member state,
184,CK,COK,https://upload.wikimedia.org/wikipedia/commons/thumb/3/35/Flag_of_the_Cook_Islands.svg/23px-Flag_of_the_Cook_Islands.svg.png,,,,The Cook Islands,,,Cook Islands (the),,,,,,,,New Zealand
188,CR,CRI,https://upload.wikimedia.org/wikipedia/commons/thumb/b/bc/Flag_of_Costa_Rica_%28state%29.svg/23px-Flag_of_Costa_Rica_%28state%29.svg.png,,,,The Republic of Costa Rica,,,Costa Rica,,,,,,,UN member state,
384,CI,CIV,https://upload.wikimedia.org/wikipedia/commons/thumb/f/fe/Flag_of_C%C3%B4te_d%27Ivoire.svg/23px-Flag_of_C%C3%B4te_d%27Ivoire.svg.png,,,,The Republic of Côte d'Ivoire,,,Côte d'Ivoire,,,,,,,UN member state,
191,HR,HRV,https://upload.wikimedia.org/wikipedia/commons/thumb/1/1b/Flag_of_Croatia.svg/23px-Flag_of_Croatia.svg.png,,,,The Republic of Croatia,,,Croatia,,,,,,,UN member state,
192,CU,CUB,https://upload.wikimedia.org/wikipedia/commons/thumb/b/bd/Flag_of_Cuba.svg/23px-Flag_of_Cuba.svg.png,,,,The Republic of Cuba,,,Cuba,,,,,,,UN member state,
531,CW,CUW,https://upload.wikimedia.org/wikipedia/commons/thumb/b/b1/Flag_of_Cura%C3%A7ao.svg/23px-Flag_of_Cura%C3%A7ao.svg.png,,,,The Country of Curaçao,,,Curaçao,,,,,,,,Netherlands
196,CY,CYP,https://upload.wikimedia.org/wikipedia/commons/thumb/d/d4/Flag_of_Cyprus.svg/23px-Flag_of_Cyprus.svg.png,,,,The Republic of Cyprus,,,Cyprus,,,,,,,UN member state,
203,CZ,CZE,https://upload.wikimedia.org/wikipedia/commons/thumb/c/cb/Flag_of_the_Czech_Republic.svg/23px-Flag_of_the_Czech_Republic.svg.png,,,,The Czech Republic,,,Czechia,,,,,,,UN member state,
208,DK,DNK,https://upload.wikimedia.org/wikipedia/commons/thumb/9/9c/Flag_of_Denmark.svg/20px-Flag_of_Denmark.svg.png,,,,The Kingdom of Denmark,,,Denmark,,,,,,,UN member state,
262,DJ,DJI,https://upload.wikimedia.org/wikipedia/commons/thumb/3/34/Flag_of_Djibouti.svg/23px-Flag_of_Djibouti.svg.png,,,,The Republic of Djibouti,,,Djibouti,,,,,,,UN member state,
212,DM,DMA,https://upload.wikimedia.org/wikipedia/commons/thumb/c/c4/Flag_of_Dominica.svg/23px-Flag_of_Dominica.svg.png,,,,The Commonwealth of Dominica,,,Dominica,,,,,,,UN member state,
214,DO,DOM,https://upload.wikimedia.org/wikipedia/commons/thumb/9/9f/Flag_of_the_Dominican_Republic.svg/23px-Flag_of_the_Dominican_Republic.svg.png,,,,The Dominican Republic,,,Dominican Republic (the),,,,,,,UN member state,
218,EC,ECU,https://upload.wikimedia.org/wikipedia/commons/thumb/e/e8/Flag_of_Ecuador.svg/23px-Flag_of_Ecuador.svg.png,,,,The Republic of Ecuador,,,Ecuador,,,,,,,UN member state,
818,EG,EGY,https://upload.wikimedia.org/wikipedia/commons/thumb/f/fe/Flag_of_Egypt.svg/23px-Flag_of_Egypt.svg.png,,,,The Arab Republic of Egypt,,,Egypt,,,,,,,UN member state,
222,SV,SLV,https://upload.wikimedia.org/wikipedia/commons/thumb/3/34/Flag_of_El_Salvador.svg/23px-Flag_of_El_Salvador.svg.png,,,,The Republic of El Salvador,,,El Salvador,,,,,,,UN member state,
226,GQ,GNQ,https://upload.wikimedia.org/wikipedia/commons/thumb/3/31/Flag_of_Equatorial_Guinea.svg/23px-Flag_of_Equatorial_Guinea.svg.png,,,,The Republic of Equatorial Guinea,,,Equatorial Guinea,,,,,,,UN member state,
232,ER,ERI,https://upload.wikimedia.org/wikipedia/commons/thumb/2/29/Flag_of_Eritrea.svg/23px-Flag_of_Eritrea.svg.png,,,,The State of Eritrea,,,Eritrea,,,,,,,UN member state,
233,EE,EST,https://upload.wikimedia.org/wikipedia/commons/thumb/8/8f/Flag_of_Estonia.svg/23px-Flag_of_Estonia.svg.png,,,,The Republic of Estonia,,,Estonia,,,,,,,UN member state,
748,SZ,SWZ,https://upload.wikimedia.org/wikipedia/commons/thumb/f/fb/Flag_of_Eswatini.svg/23px-Flag_of_Eswatini.svg.png,,,,The Kingdom of Eswatini,,,Eswatini,,,,,,,UN member state,
231,ET,ETH,https://upload.wikimedia.org/wikipedia/commons/thumb/7/71/Flag_of_Ethiopia.svg/23px-Flag_of_Ethiopia.svg.png,,,,The Federal Democratic Republic of Ethiopia,,,Ethiopia,,,,,,,UN member state,
238,FK,FLK,https://upload.wikimedia.org/wikipedia/commons/thumb/8/83/Flag_of_the_Falkland_Islands.svg/23px-Flag_of_the_Falkland_Islands.svg.png,,,,The Falkland Islands,,,Falkland Islands (the) [Malvinas],,,,,,,,United Kingdom
234,FO,FRO,https://upload.wikimedia.org/wikipedia/commons/thumb/3/3c/Flag_of_the_Faroe_Islands.svg/21px-Flag_of_the_Faroe_Islands.svg.png,,,,The Faroe Islands,,,Faroe Islands (the),,,,,,,,Denmark
242,FJ,FJI,https://upload.wikimedia.org/wikipedia/commons/thumb/b/ba/Flag_of_Fiji.svg/23px-Flag_of_Fiji.svg.png,,,,The Republic of Fiji,,,Fiji,,,,,,,UN member state,
246,FI,FIN,https://upload.wikimedia.org/wikipedia/commons/thumb/b/bc/Flag_of_Finland.svg/23px-Flag_of_Finland.svg.png,,,,The Republic of Finland,,,Finland,,,,,,,UN member state,
250,FR,FRA,https://upload.wikimedia.org/wikipedia/en/thumb/c/c3/Flag_of_France.svg/23px-Flag_of_France.svg.png,,,,The French Republic,,,France,,,,,,,UN member state,
254,GF,GUF,https://upload.wikimedia.org/wikipedia/commons/thumb/2/29/Flag_of_French_Guiana.svg/23px-Flag_of_French_Guiana.svg.png,,,,Guyane,,,French Guiana,,,,,,,,France
258,PF,PYF,https://upload.wikimedia.org/wikipedia/commons/thumb/d/db/Flag_of_French_Polynesia.svg/23px-Flag_of_French_Polynesia.svg.png,,,,French Polynesia,,,French Polynesia,,,,,,,,France
260,TF,ATF,https://upload.wikimedia.org/wikipedia/commons/thumb/a/a7/Flag_of_the_French_Southern_and_Antarctic_Lands.svg/23px-Flag_of_the_French_Southern_and_Antarctic_Lands.svg.png,,,,The French Southern and Antarctic Lands,,,French Southern Territories (the),,,,,,,,France
266,GA,GAB,https://upload.wikimedia.org/wikipedia/commons/thumb/0/04/Flag_of_Gabon.svg/20px-Flag_of_Gabon.svg.png,,,,The Gabonese Republic,,,Gabon,,,,,,,UN member state,
270,GM,GMB,https://upload.wikimedia.org/wikipedia/commons/thumb/7/77/Flag_of_The_Gambia.svg/23px-Flag_of_The_Gambia.svg.png,,,,The Republic of The Gambia,,,Gambia (the),,,,,,,UN member state,
268,GE,GEO,https://upload.wikimedia.org/wikipedia/commons/thumb/0/0f/Flag_of_Georgia.svg/23px-Flag_of_Georgia.svg.png,,,,Georgia,,,Georgia,,,,,,,UN member state,
276,DE,DEU,https://upload.wikimedia.org/wikipedia/en/thumb/b/ba/Flag_of_Germany.svg/23px-Flag_of_Germany.svg.png,,,,The Federal Republic of Germany,,,Germany,,,,,,,UN member state,
288,GH,GHA,https://upload.wikimedia.org/wikipedia/commons/thumb/1/19/Flag_of_Ghana.svg/23px-Flag_of_Ghana.svg.png,,,,The Republic of Ghana,,,Ghana,,,,,,,UN member state,
292,GI,GIB,https://upload.wikimedia.org/wikipedia/commons/thumb/0/02/Flag_of_Gibraltar.svg/23px-Flag_of_Gibraltar.svg.png,,,,Gibraltar,,,Gibraltar,,,,,,,,United Kingdom
300,GR,GRC,https://upload.wikimedia.org/wikipedia/commons/thumb/5/5c/Flag_of_Greece.svg/23px-Flag_of_Greece.svg.png,,,,The Hellenic Republic,,,Greece,,,,,,,UN member state,
304,GL,GRL,https://upload.wikimedia.org/wikipedia/commons/thumb/0/09/Flag_of_Greenland.svg/23px-Flag_of_Greenland.svg.png,,,,Kalaallit Nunaat,,,Greenland,,,,,,,,Denmark
308,GD,GRD,https://upload.wikimedia.org/wikipedia/commons/thumb/b/bc/Flag_of_Grenada.svg/23px-Flag_of_Grenada.svg.png,,,,Grenada,,,Grenada,,,,,,,UN member state,
312,GP,GLP,https://upload.wikimedia.org/wikipedia/commons/thumb/e/e7/Unofficial_flag_of_Guadeloupe_%28local%29.svg/23px-Unofficial_flag_of_Guadeloupe_%28local%29.svg.png,,,,Guadeloupe,,,Guadeloupe,,,,,,,,France
316,GU,GUM,https://upload.wikimedia.org/wikipedia/commons/thumb/0/07/Flag_of_Guam.svg/23px-Flag_of_Guam.svg.png,,,,The Territory of Guam,,,Guam,,,,,,,,United States
320,GT,GTM,https://upload.wikimedia.org/wikipedia/commons/thumb/e/ec/Flag_of_Guatemala.svg/23px-Flag_of_Guatemala.svg.png,,,,The Republic of Guatemala,,,Guatemala,,,,,,,UN member state,
831,GG,GGY,https://upload.wikimedia.org/wikipedia/commons/thumb/f/fa/Flag_of_Guernsey.svg/23px-Flag_of_Guernsey.svg.png,,,,The Bailiwick of Guernsey,,,Guernsey,,,,,,,,British Crown
324,GN,GIN,https://upload.wikimedia.org/wikipedia/commons/thumb/e/ed/Flag_of_Guinea.svg/23px-Flag_of_Guinea.svg.png,,,,The Republic of Guinea,,,Guinea,,,,,,,UN member state,
624,GW,GNB,https://upload.wikimedia.org/wikipedia/commons/thumb/0/01/Flag_of_Guinea-Bissau.svg/23px-Flag_of_Guinea-Bissau.svg.png,,,,The Republic of Guinea-Bissau,,,Guinea-Bissau,,,,,,,UN member state,
328,GY,GUY,https://upload.wikimedia.org/wikipedia/commons/thumb/9/99/Flag_of_Guyana.svg/23px-Flag_of_Guyana.svg.png,,,,The Co-operative Republic of Guyana,,,Guyana,,,,,,,UN member state,
332,HT,HTI,https://upload.wikimedia.org/wikipedia/commons/thumb/5/56/Flag_of_Haiti.svg/23px-Flag_of_Haiti.svg.png,,,,The Republic of Haiti,,,Haiti,,,,,,,UN member state,
334,HM,HMD,https://upload.wikimedia.org/wikipedia/commons/thumb/8/88/Flag_of_Australia_%28converted%29.svg/23px-Flag_of_Australia_%28converted%29.svg.png,,,,The Territory of Heard Island and McDonald Islands,,,Heard Island and McDonald Islands,,,,,,,,Australia
336,VA,VAT,https://upload.wikimedia.org/wikipedia/commons/thumb/0/00/Flag_of_the_Vatican_City.svg/15px-Flag_of_the_Vatican_City.svg.png,,,,The Holy See,,,Holy See (the),,,,,,,,UN observer state
340,HN,HND,https://upload.wikimedia.org/wikipedia/commons/thumb/8/82/Flag_of_Honduras.svg/23px-Flag_of_Honduras.svg.png,,,,The Republic of Honduras,,,Honduras,,,,,,,UN member state,
344,HK,HKG,https://upload.wikimedia.org/wikipedia/commons/thumb/5/5b/Flag_of_Hong_Kong.svg/23px-Flag_of_Hong_Kong.svg.png,,,,The Hong Kong Special Administrative Region of China[10],,,Hong Kong,,,,,,,,China
348,HU,HUN,https://upload.wikimedia.org/wikipedia/commons/thumb/c/c1/Flag_of_Hungary.svg/23px-Flag_of_Hungary.svg.png,,,,Hungary,,,Hungary,,,,,,,UN member state,
352,IS,ISL,https://upload.wikimedia.org/wikipedia/commons/thumb/c/ce/Flag_of_Iceland.svg/21px-Flag_of_Iceland.svg.png,,,,Iceland,,,Iceland,,,,,,,UN member state,
356,IN,IND,https://upload.wikimedia.org/wikipedia/en/thumb/4/41/Flag_of_India.svg/23px-Flag_of_India.svg.png,,,,The Republic of India,,,India,,,,,,,UN member state,
360,ID,IDN,https://upload.wikimedia.org/wikipedia/commons/thumb/9/9f/Flag_of_Indonesia.svg/23px-Flag_of_Indonesia.svg.png,,,,The Republic of Indonesia,,,Indonesia,,,,,,,UN member state,
364,IR,IRN,https://upload.wikimedia.org/wikipedia/commons/thumb/c/ca/Flag_of_Iran.svg/23px-Flag_of_Iran.svg.png,,,,The Islamic Republic of Iran,,,Iran (Islamic Republic of),,,,,,,UN member state,
368,IQ,IRQ,https://upload.wikimedia.org/wikipedia/commons/thumb/f/f6/Flag_of_Iraq.svg/23px-Flag_of_Iraq.svg.png,,,,The Republic of Iraq,,,Iraq,,,,,,,UN member state,
372,IE,IRL,https://upload.wikimedia.org/wikipedia/commons/thumb/4/45/Flag_of_Ireland.svg/23px-Flag_of_Ireland.svg.png,,,,Ireland,,,Ireland,,,,,,,UN member state,
833,IM,IMN,https://upload.wikimedia.org/wikipedia/commons/thumb/b/bc/Flag_of_the_Isle_of_Man.svg/23px-Flag_of_the_Isle_of_Man.svg.png,,,,The Isle of Man,,,Isle of Man,,,,,,,,British Crown
376,IL,ISR,https://upload.wikimedia.org/wikipedia/commons/thumb/d/d4/Flag_of_Israel.svg/21px-Flag_of_Israel.svg.png,,,,The State of Israel,,,Israel,,,,,,,UN member state,
380,IT,ITA,https://upload.wikimedia.org/wikipedia/en/thumb/0/03/Flag_of_Italy.svg/23px-Flag_of_Italy.svg.png,,,,The Italian Republic,,,Italy,,,,,,,UN member state,
388,JM,JAM,https://upload.wikimedia.org/wikipedia/commons/thumb/0/0a/Flag_of_Jamaica.svg/23px-Flag_of_Jamaica.svg.png,,,,Jamaica,,,Jamaica,,,,,,,UN member state,
392,JP,JPN,https://upload.wikimedia.org/wikipedia/en/thumb/9/9e/Flag_of_Japan.svg/23px-Flag_of_Japan.svg.png,,,,Japan,,,Japan,,,,,,,UN member state,
832,JE,JEY,https://upload.wikimedia.org/wikipedia/commons/thumb/1/1c/Flag_of_Jersey.svg/23px-Flag_of_Jersey.svg.png,,,,The Bailiwick of Jersey,,,Jersey,,,,,,,,British Crown
400,JO,JOR,https://upload.wikimedia.org/wikipedia/commons/thumb/c/c0/Flag_of_Jordan.svg/23px-Flag_of_Jordan.svg.png,,,,The Hashemite Kingdom of Jordan,,,Jordan,,,,,,,UN member state,
398,KZ,KAZ,https://upload.wikimedia.org/wikipedia/commons/thumb/d/d3/Flag_of_Kazakhstan.svg/23px-Flag_of_Kazakhstan.svg.png,,,,The Republic of Kazakhstan,,,Kazakhstan,,,,,,,UN member state,
404,KE,KEN,https://upload.wikimedia.org/wikipedia/commons/thumb/4/49/Flag_of_Kenya.svg/23px-Flag_of_Kenya.svg.png,,,,The Republic of Kenya,,,Kenya,,,,,,,UN member state,
296,KI,KIR,https://upload.wikimedia.org/wikipedia/commons/thumb/d/d3/Flag_of_Kiribati.svg/23px-Flag_of_Kiribati.svg.png,,,,The Republic of Kiribati,,,Kiribati,,,,,,,UN member state,
408,KP,PRK,https://upload.wikimedia.org/wikipedia/commons/thumb/5/51/Flag_of_North_Korea.svg/23px-Flag_of_North_Korea.svg.png,,,,The Democratic People's Republic of Korea,,,Korea (the Democratic People's Republic of),,,,,,,UN member state,
410,KR,KOR,https://upload.wikimedia.org/wikipedia/commons/thumb/0/09/Flag_of_South_Korea.svg/23px-Flag_of_South_Korea.svg.png,,,,The Republic of Korea,,,Korea (the Republic of),,,,,,,UN member state,
414,KW,KWT,https://upload.wikimedia.org/wikipedia/commons/thumb/a/aa/Flag_of_Kuwait.svg/23px-Flag_of_Kuwait.svg.png,,,,The State of Kuwait,,,Kuwait,,,,,,,UN member state,
417,KG,KGZ,https://upload.wikimedia.org/wikipedia/commons/thumb/c/c7/Flag_of_Kyrgyzstan.svg/23px-Flag_of_Kyrgyzstan.svg.png,,,,The Kyrgyz Republic,,,Kyrgyzstan,,,,,,,UN member state,
418,LA,LAO,https://upload.wikimedia.org/wikipedia/commons/thumb/5/56/Flag_of_Laos.svg/23px-Flag_of_Laos.svg.png,,,,The Lao People's Democratic Republic,,,Lao People's Democratic Republic (the),,,,,,,UN member state,
428,LV,LVA,https://upload.wikimedia.org/wikipedia/commons/thumb/8/84/Flag_of_Latvia.svg/23px-Flag_of_Latvia.svg.png,,,,The Republic of Latvia,,,Latvia,,,,,,,UN member state,
422,LB,LBN,https://upload.wikimedia.org/wikipedia/commons/thumb/5/59/Flag_of_Lebanon.svg/23px-Flag_of_Lebanon.svg.png,,,,The Lebanese Republic,,,Lebanon,,,,,,,UN member state,
426,LS,LSO,https://upload.wikimedia.org/wikipedia/commons/thumb/4/4a/Flag_of_Lesotho.svg/23px-Flag_of_Lesotho.svg.png,,,,The Kingdom of Lesotho,,,Lesotho,,,,,,,UN member state,
430,LR,LBR,https://upload.wikimedia.org/wikipedia/commons/thumb/b/b8/Flag_of_Liberia.svg/23px-Flag_of_Liberia.svg.png,,,,The Republic of Liberia,,,Liberia,,,,,,,UN member state,
434,LY,LBY,https://upload.wikimedia.org/wikipedia/commons/thumb/0/05/Flag_of_Libya.svg/23px-Flag_of_Libya.svg.png,,,,The State of Libya,,,Libya,,,,,,,UN member state,
438,LI,LIE,https://upload.wikimedia.org/wikipedia/commons/thumb/4/47/Flag_of_Liechtenstein.svg/23px-Flag_of_Liechtenstein.svg.png,,,,The Principality of Liechtenstein,,,Liechtenstein,,,,,,,UN member state,
440,LT,LTU,https://upload.wikimedia.org/wikipedia/commons/thumb/1/11/Flag_of_Lithuania.svg/23px-Flag_of_Lithuania.svg.png,,,,The Republic of Lithuania,,,Lithuania,,,,,,,UN member state,
442,LU,LUX,https://upload.wikimedia.org/wikipedia/commons/thumb/d/da/Flag_of_Luxembourg.svg/23px-Flag_of_Luxembourg.svg.png,,,,The Grand Duchy of Luxembourg,,,Luxembourg,,,,,,,UN member state,
446,MO,MAC,https://upload.wikimedia.org/wikipedia/commons/thumb/6/63/Flag_of_Macau.svg/23px-Flag_of_Macau.svg.png,,,,The Macao Special Administrative Region of China[11],,,Macao,,,,,,,,China
807,MK,MKD,https://upload.wikimedia.org/wikipedia/commons/thumb/7/79/Flag_of_North_Macedonia.svg/23px-Flag_of_North_Macedonia.svg.png,,,,The Republic of North Macedonia[12],,,North Macedonia,,,,,,,UN member state,
450,MG,MDG,https://upload.wikimedia.org/wikipedia/commons/thumb/b/bc/Flag_of_Madagascar.svg/23px-Flag_of_Madagascar.svg.png,,,,The Republic of Madagascar,,,Madagascar,,,,,,,UN member state,
454,MW,MWI,https://upload.wikimedia.org/wikipedia/commons/thumb/d/d1/Flag_of_Malawi.svg/23px-Flag_of_Malawi.svg.png,,,,The Republic of Malawi,,,Malawi,,,,,,,UN member state,
458,MY,MYS,https://upload.wikimedia.org/wikipedia/commons/thumb/6/66/Flag_of_Malaysia.svg/23px-Flag_of_Malaysia.svg.png,,,,Malaysia,,,Malaysia,,,,,,,UN member state,
462,MV,MDV,https://upload.wikimedia.org/wikipedia/commons/thumb/0/0f/Flag_of_Maldives.svg/23px-Flag_of_Maldives.svg.png,,,,The Republic of Maldives,,,Maldives,,,,,,,UN member state,
466,ML,MLI,https://upload.wikimedia.org/wikipedia/commons/thumb/9/92/Flag_of_Mali.svg/23px-Flag_of_Mali.svg.png,,,,The Republic of Mali,,,Mali,,,,,,,UN member state,
470,MT,MLT,https://upload.wikimedia.org/wikipedia/commons/thumb/7/73/Flag_of_Malta.svg/23px-Flag_of_Malta.svg.png,,,,The Republic of Malta,,,Malta,,,,,,,UN member state,
584,MH,MHL,https://upload.wikimedia.org/wikipedia/commons/thumb/2/2e/Flag_of_the_Marshall_Islands.svg/23px-Flag_of_the_Marshall_Islands.svg.png,,,,The Republic of the Marshall Islands,,,Marshall Islands (the),,,,,,,UN member state,
474,MQ,MTQ,https://upload.wikimedia.org/wikipedia/commons/thumb/2/27/Flag-of-Martinique.svg/23px-Flag-of-Martinique.svg.png,,,,Martinique,,,Martinique,,,,,,,,France
478,MR,MRT,https://upload.wikimedia.org/wikipedia/commons/thumb/4/43/Flag_of_Mauritania.svg/23px-Flag_of_Mauritania.svg.png,,,,The Islamic Republic of Mauritania,,,Mauritania,,,,,,,UN member state,
480,MU,MUS,https://upload.wikimedia.org/wikipedia/commons/thumb/7/77/Flag_of_Mauritius.svg/23px-Flag_of_Mauritius.svg.png,,,,The Republic of Mauritius,,,Mauritius,,,,,,,UN member state,
175,YT,MYT,https://upload.wikimedia.org/wikipedia/commons/thumb/4/4f/Flag_of_Mayotte_%28Local%29.svg/23px-Flag_of_Mayotte_%28Local%29.svg.png,,,,The Department of Mayotte,,,Mayotte,,,,,,,,France
484,MX,MEX,https://upload.wikimedia.org/wikipedia/commons/thumb/f/fc/Flag_of_Mexico.svg/23px-Flag_of_Mexico.svg.png,,,,The United Mexican States,,,Mexico,,,,,,,UN member state,
583,FM,FSM,https://upload.wikimedia.org/wikipedia/commons/thumb/e/e4/Flag_of_the_Federated_States_of_Micronesia.svg/23px-Flag_of_the_Federated_States_of_Micronesia.svg.png,,,,The Federated States of Micronesia,,,Micronesia (Federated States of),,,,,,,UN member state,
498,MD,MDA,https://upload.wikimedia.org/wikipedia/commons/thumb/2/27/Flag_of_Moldova.svg/23px-Flag_of_Moldova.svg.png,,,,The Republic of Moldova,,,Moldova (the Republic of),,,,,,,UN member state,
492,MC,MCO,https://upload.wikimedia.org/wikipedia/commons/thumb/e/ea/Flag_of_Monaco.svg/19px-Flag_of_Monaco.svg.png,,,,The Principality of Monaco,,,Monaco,,,,,,,UN member state,
496,MN,MNG,https://upload.wikimedia.org/wikipedia/commons/thumb/4/4c/Flag_of_Mongolia.svg/23px-Flag_of_Mongolia.svg.png,,,,Mongolia,,,Mongolia,,,,,,,UN member state,
499,ME,MNE,https://upload.wikimedia.org/wikipedia/commons/thumb/6/64/Flag_of_Montenegro.svg/23px-Flag_of_Montenegro.svg.png,,,,Montenegro,,,Montenegro,,,,,,,UN member state,
500,MS,MSR,https://upload.wikimedia.org/wikipedia/commons/thumb/d/d0/Flag_of_Montserrat.svg/23px-Flag_of_Montserrat.svg.png,,,,Montserrat,,,Montserrat,,,,,,,,United Kingdom
504,MA,MAR,https://upload.wikimedia.org/wikipedia/commons/thumb/2/2c/Flag_of_Morocco.svg/23px-Flag_of_Morocco.svg.png,,,,The Kingdom of Morocco,,,Morocco,,,,,,,UN member state,
508,MZ,MOZ,https://upload.wikimedia.org/wikipedia/commons/thumb/d/d0/Flag_of_Mozambique.svg/23px-Flag_of_Mozambique.svg.png,,,,The Republic of Mozambique,,,Mozambique,,,,,,,UN member state,
104,MM,MMR,https://upload.wikimedia.org/wikipedia/commons/thumb/8/8c/Flag_of_Myanmar.svg/23px-Flag_of_Myanmar.svg.png,,,,The Republic of the Union of Myanmar,,,Myanmar,,,,,,,UN member state,
516,NA,NAM,https://upload.wikimedia.org/wikipedia/commons/thumb/0/00/Flag_of_Namibia.svg/23px-Flag_of_Namibia.svg.png,,,,The Republic of Namibia,,,Namibia,,,,,,,UN member state,
520,NR,NRU,https://upload.wikimedia.org/wikipedia/commons/thumb/3/30/Flag_of_Nauru.svg/23px-Flag_of_Nauru.svg.png,,,,The Republic of Nauru,,,Nauru,,,,,,,UN member state,
524,NP,NPL,,,,,The Federal Democratic Republic of Nepal,,,Nepal,,,,,,,UN member state,
528,NL,NLD,https://upload.wikimedia.org/wikipedia/commons/thumb/2/20/Flag_of_the_Netherlands.svg/23px-Flag_of_the_Netherlands.svg.png,,,,The Kingdom of the Netherlands,,,"Netherlands, Kingdom of the",,,,,,,UN member state,
540,NC,NCL,https://upload.wikimedia.org/wikipedia/commons/thumb/6/66/Flag_of_FLNKS.svg/23px-Flag_of_FLNKS.svg.png,,,,New Caledonia,,,New Caledonia,,,,,,,,France
554,NZ,NZL,https://upload.wikimedia.org/wikipedia/commons/thumb/3/3e/Flag_of_New_Zealand.svg/23px-Flag_of_New_Zealand.svg.png,,,,New Zealand,,,New Zealand,,,,,,,UN member state,
558,NI,NIC,https://upload.wikimedia.org/wikipedia/commons/thumb/1/19/Flag_of_Nicaragua.svg/23px-Flag_of_Nicaragua.svg.png,,,,The Republic of Nicaragua,,,Nicaragua,,,,,,,UN member state,
562,NE,NER,https://upload.wikimedia.org/wikipedia/commons/thumb/f/f4/Flag_of_Niger.svg/18px-Flag_of_Niger.svg.png,,,,The Republic of the Niger,,,Niger (the),,,,,,,UN member state,
566,NG,NGA,https://upload.wikimedia.org/wikipedia/commons/thumb/7/79/Flag_of_Nigeria.svg/23px-Flag_of_Nigeria.svg.png,,,,The Federal Republic of Nigeria,,,Nigeria,,,,,,,UN member state,
570,NU,NIU,https://upload.wikimedia.org/wikipedia/commons/thumb/0/01/Flag_of_Niue.svg/23px-Flag_of_Niue.svg.png,,,,Niue,,,Niue,,,,,,,,New Zealand
574,NF,NFK,https://upload.wikimedia.org/wikipedia/commons/thumb/4/48/Flag_of_Norfolk_Island.svg/23px-Flag_of_Norfolk_Island.svg.png,,,,The Territory of Norfolk Island,,,Norfolk Island,,,,,,,,Australia
580,MP,MNP,https://upload.wikimedia.org/wikipedia/commons/thumb/e/e0/Flag_of_the_Northern_Mariana_Islands.svg/23px-Flag_of_the_Northern_Mariana_Islands.svg.png,,,,The Commonwealth of the Northern Mariana Islands,,,Northern Mariana Islands (the),,,,,,,,United States
578,NO,NOR,https://upload.wikimedia.org/wikipedia/commons/thumb/d/d9/Flag_of_Norway.svg/21px-Flag_of_Norway.svg.png,,,,The Kingdom of Norway,,,Norway,,,,,,,UN member state,
512,OM,OMN,https://upload.wikimedia.org/wikipedia/commons/thumb/d/dd/Flag_of_Oman.svg/23px-Flag_of_Oman.svg.png,,,,The Sultanate of Oman,,,Oman,,,,,,,UN member state,
586,PK,PAK,https://upload.wikimedia.org/wikipedia/commons/thumb/3/32/Flag_of_Pakistan.svg/23px-Flag_of_Pakistan.svg.png,,,,The Islamic Republic of Pakistan,,,Pakistan,,,,,,,UN member state,
585,PW,PLW,https://upload.wikimedia.org/wikipedia/commons/thumb/4/48/Flag_of_Palau.svg/23px-Flag_of_Palau.svg.png,,,,The Republic of Palau,,,Palau,,,,,,,UN member state,
275,PS,PSE,https://upload.wikimedia.org/wikipedia/commons/thumb/0/00/Flag_of_Palestine.svg/23px-Flag_of_Palestine.svg.png,,,,The State of Palestine,,,"Palestine, State of",,,,,,,,UN observer state
591,PA,PAN,https://upload.wikimedia.org/wikipedia/commons/thumb/a/ab/Flag_of_Panama.svg/23px-Flag_of_Panama.svg.png,,,,The Republic of Panamá,,,Panama,,,,,,,UN member state,
598,PG,PNG,https://upload.wikimedia.org/wikipedia/commons/thumb/e/e3/Flag_of_Papua_New_Guinea.svg/20px-Flag_of_Papua_New_Guinea.svg.png,,,,The Independent State of Papua New Guinea,,,Papua New Guinea,,,,,,,UN member state,
600,PY,PRY,https://upload.wikimedia.org/wikipedia/commons/thumb/2/27/Flag_of_Paraguay.svg/23px-Flag_of_Paraguay.svg.png,,,,The Republic of Paraguay,,,Paraguay,,,,,,,UN member state,
604,PE,PER,https://upload.wikimedia.org/wikipedia/commons/thumb/c/cf/Flag_of_Peru.svg/23px-Flag_of_Peru.svg.png,,,,The Republic of Perú,,,Peru,,,,,,,UN member state,
608,PH,PHL,https://upload.wikimedia.org/wikipedia/commons/thumb/9/99/Flag_of_the_Philippines.svg/23px-Flag_of_the_Philippines.svg.png,,,,The Republic of the Philippines,,,Philippines (the),,,,,,,UN member state,
612,PN,PCN,https://upload.wikimedia.org/wikipedia/commons/thumb/8/88/Flag_of_the_Pitcairn_Islands.svg/23px-Flag_of_the_Pitcairn_Islands.svg.png,,,,"The Pitcairn, Henderson, Ducie and Oeno Islands",,,Pitcairn,,,,,,,,United Kingdom
616,PL,POL,https://upload.wikimedia.org/wikipedia/en/thumb/1/12/Flag_of_Poland.svg/23px-Flag_of_Poland.svg.png,,,,The Republic of Poland,,,Poland,,,,,,,UN member state,
620,PT,PRT,https://upload.wikimedia.org/wikipedia/commons/thumb/5/5c/Flag_of_Portugal.svg/23px-Flag_of_Portugal.svg.png,,,,The Portuguese Republic,,,Portugal,,,,,,,UN member state,
630,PR,PRI,https://upload.wikimedia.org/wikipedia/commons/thumb/2/28/Flag_of_Puerto_Rico.svg/23px-Flag_of_Puerto_Rico.svg.png,,,,The Commonwealth of Puerto Rico,,,Puerto Rico,,,,,,,,United States
634,QA,QAT,https://upload.wikimedia.org/wikipedia/commons/thumb/6/65/Flag_of_Qatar.svg/23px-Flag_of_Qatar.svg.png,,,,The State of Qatar,,,Qatar,,,,,,,UN member state,
638,RE,REU,https://upload.wikimedia.org/wikipedia/commons/thumb/8/8e/Proposed_flag_of_R%C3%A9union_%28VAR%29.svg/23px-Proposed_flag_of_R%C3%A9union_%28VAR%29.svg.png,,,,Réunion,,,Réunion,,,,,,,,France
642,RO,ROU,https://upload.wikimedia.org/wikipedia/commons/thumb/7/73/Flag_of_Romania.svg/23px-Flag_of_Romania.svg.png,,,,Romania,,,Romania,,,,,,,UN member state,
643,RU,RUS,https://upload.wikimedia.org/wikipedia/en/thumb/f/f3/Flag_of_Russia.svg/23px-Flag_of_Russia.svg.png,,,,The Russian Federation,,,Russian Federation (the),,,,,,,UN member state,
646,RW,RWA,https://upload.wikimedia.org/wikipedia/commons/thumb/1/17/Flag_of_Rwanda.svg/23px-Flag_of_Rwanda.svg.png,,,,The Republic of Rwanda,,,Rwanda,,,,,,,UN member state,
652,BL,BLM,https://upload.wikimedia.org/wikipedia/commons/thumb/e/e7/Flag_of_Saint_Barth%C3%A9lemy_%28Local%29.svg/23px-Flag_of_Saint_Barth%C3%A9lemy_%28Local%29.svg.png,,,,The Collectivity of Saint-Barthélemy,,,Saint Barthélemy,,,,,,,,France
654,SH,SHN,https://upload.wikimedia.org/wikipedia/commons/thumb/0/00/Flag_of_Saint_Helena.svg/23px-Flag_of_Saint_Helena.svg.png,,,,"Saint Helena, Ascension and Tristan da Cunha",,,Saint Helena,,,,,,,,United Kingdom
659,KN,KNA,https://upload.wikimedia.org/wikipedia/commons/thumb/f/fe/Flag_of_Saint_Kitts_and_Nevis.svg/23px-Flag_of_Saint_Kitts_and_Nevis.svg.png,,,,Saint Kitts and Nevis,,,Saint Kitts and Nevis,,,,,,,UN member state,
662,LC,LCA,https://upload.wikimedia.org/wikipedia/commons/thumb/9/9f/Flag_of_Saint_Lucia.svg/23px-Flag_of_Saint_Lucia.svg.png,,,,Saint Lucia,,,Saint Lucia,,,,,,,UN member state,
663,MF,MAF,https://upload.wikimedia.org/wikipedia/en/thumb/c/c3/Flag_of_France.svg/23px-Flag_of_France.svg.png,,,,The Collectivity of Saint-Martin,,,Saint Martin (French part),,,,,,,,France
666,PM,SPM,https://upload.wikimedia.org/wikipedia/commons/thumb/7/74/Flag_of_Saint-Pierre_and_Miquelon.svg/23px-Flag_of_Saint-Pierre_and_Miquelon.svg.png,,,,The Overseas Collectivity of Saint-Pierre and Miquelon,,,Saint Pierre and Miquelon,,,,,,,,France
670,VC,VCT,https://upload.wikimedia.org/wikipedia/commons/thumb/6/6d/Flag_of_Saint_Vincent_and_the_Grenadines.svg/23px-Flag_of_Saint_Vincent_and_the_Grenadines.svg.png,,,,Saint Vincent and the Grenadines,,,Saint Vincent and the Grenadines,,,,,,,UN member state,
882,WS,WSM,https://upload.wikimedia.org/wikipedia/commons/thumb/3/31/Flag_of_Samoa.svg/23px-Flag_of_Samoa.svg.png,,,,The Independent State of Samoa,,,Samoa,,,,,,,UN member state,
674,SM,SMR,https://upload.wikimedia.org/wikipedia/commons/thumb/b/b1/Flag_of_San_Marino.svg/20px-Flag_of_San_Marino.svg.png,,,,The Republic of San Marino,,,San Marino,,,,,,,UN member state,
678,ST,STP,https://upload.wikimedia.org/wikipedia/commons/thumb/0/0a/Flag_of_S%C3%A3o_Tom%C3%A9_and_Pr%C3%ADncipe.svg/23px-Flag_of_S%C3%A3o_Tom%C3%A9_and_Pr%C3%ADncipe.svg.png,,,,The Democratic Republic of São Tomé and Príncipe,,,Sao Tome and Principe,,,,,,,UN member state,
682,SA,SAU,https://upload.wikimedia.org/wikipedia/commons/thumb/0/0d/Flag_of_Saudi_Arabia.svg/23px-Flag_of_Saudi_Arabia.svg.png,,,,The Kingdom of Saudi Arabia,,,Saudi Arabia,,,,,,,UN member state,
686,SN,SEN,https://upload.wikimedia.org/wikipedia/commons/thumb/f/fd/Flag_of_Senegal.svg/23px-Flag_of_Senegal.svg.png,,,,The Republic of Senegal,,,Senegal,,,,,,,UN member state,
688,RS,SRB,https://upload.wikimedia.org/wikipedia/commons/thumb/f/ff/Flag_of_Serbia.svg/23px-Flag_of_Serbia.svg.png,,,,The Republic of Serbia,,,Serbia,,,,,,,UN member state,
690,SC,SYC,https://upload.wikimedia.org/wikipedia/commons/thumb/f/fc/Flag_of_Seychelles.svg/23px-Flag_of_Seychelles.svg.png,,,,The Republic of Seychelles,,,Seychelles,,,,,,,UN member state,
694,SL,SLE,https://upload.wikimedia.org/wikipedia/commons/thumb/1/17/Flag_of_Sierra_Leone.svg/23px-Flag_of_Sierra_Leone.svg.png,,,,The Republic of Sierra Leone,,,Sierra Leone,,,,,,,UN member state,
702,SG,SGP,https://upload.wikimedia.org/wikipedia/commons/thumb/4/48/Flag_of_Singapore.svg/23px-Flag_of_Singapore.svg.png,,,,The Republic of Singapore,,,Singapore,,,,,,,UN member state,
534,SX,SXM,https://upload.wikimedia.org/wikipedia/commons/thumb/d/d3/Flag_of_Sint_Maarten.svg/23px-Flag_of_Sint_Maarten.svg.png,,,,Sint Maarten,,,Sint Maarten (Dutch part),,,,,,,,Netherlands
703,SK,SVK,https://upload.wikimedia.org/wikipedia/commons/thumb/e/e6/Flag_of_Slovakia.svg/23px-Flag_of_Slovakia.svg.png,,,,The Slovak Republic,,,Slovakia,,,,,,,UN member state,
705,SI,SVN,https://upload.wikimedia.org/wikipedia/commons/thumb/f/f0/Flag_of_Slovenia.svg/23px-Flag_of_Slovenia.svg.png,,,,The Republic of Slovenia,,,Slovenia,,,,,,,UN member state,
090,SB,SLB,https://upload.wikimedia.org/wikipedia/commons/thumb/7/74/Flag_of_the_Solomon_Islands.svg/23px-Flag_of_the_Solomon_Islands.svg.png,,,,The Solomon Islands,,,Solomon Islands,,,,,,,UN member state,
706,SO,SOM,https://upload.wikimedia.org/wikipedia/commons/thumb/a/a0/Flag_of_Somalia.svg/23px-Flag_of_Somalia.svg.png,,,,The Federal Republic of Somalia,,,Somalia,,,,,,,UN member state,
710,ZA,ZAF,https://upload.wikimedia.org/wikipedia/commons/thumb/a/af/Flag_of_South_Africa.svg/23px-Flag_of_South_Africa.svg.png,,,,The Republic of South Africa,,,South Africa,,,,,,,UN member state,
239,GS,SGS,https://upload.wikimedia.org/wikipedia/commons/thumb/e/ed/Flag_of_South_Georgia_and_the_South_Sandwich_Islands.svg/23px-Flag_of_South_Georgia_and_the_South_Sandwich_Islands.svg.png,,,,South Georgia and the South Sandwich Islands,,,South Georgia and the South Sandwich Islands,,,,,,,,United Kingdom
728,SS,SSD,https://upload.wikimedia.org/wikipedia/commons/thumb/7/7a/Flag_of_South_Sudan.svg/23px-Flag_of_South_Sudan.svg.png,,,,The Republic of South Sudan,,,South Sudan,,,,,,,UN member state,
724,ES,ESP,https://upload.wikimedia.org/wikipedia/en/thumb/9/9a/Flag_of_Spain.svg/23px-Flag_of_Spain.svg.png,,,,The Kingdom of Spain,,,Spain,,,,,,,UN member state,
144,LK,LKA,https://upload.wikimedia.org/wikipedia/commons/thumb/1/11/Flag_of_Sri_Lanka.svg/23px-Flag_of_Sri_Lanka.svg.png,,,,The Democratic Socialist Republic of Sri Lanka,,,Sri Lanka,,,,,,,UN member state,
729,SD,SDN,https://upload.wikimedia.org/wikipedia/commons/thumb/0/01/Flag_of_Sudan.svg/23px-Flag_of_Sudan.svg.png,,,,The Republic of the Sudan,,,Sudan (the),,,,,,,UN member state,
740,SR,SUR,https://upload.wikimedia.org/wikipedia/commons/thumb/6/60/Flag_of_Suriname.svg/23px-Flag_of_Suriname.svg.png,,,,The Republic of Suriname,,,Suriname,,,,,,,UN member state,
744,SJ,SJM,https://upload.wikimedia.org/wikipedia/commons/thumb/d/d9/Flag_of_Norway.svg/21px-Flag_of_Norway.svg.png,,,,Svalbard and Jan Mayen,,,Svalbard,,,,,,,,Norway
752,SE,SWE,https://upload.wikimedia.org/wikipedia/en/thumb/4/4c/Flag_of_Sweden.svg/23px-Flag_of_Sweden.svg.png,,,,The Kingdom of Sweden,,,Sweden,,,,,,,UN member state,
756,CH,CHE,https://upload.wikimedia.org/wikipedia/commons/thumb/0/08/Flag_of_Switzerland_%28Pantone%29.svg/16px-Flag_of_Switzerland_%28Pantone%29.svg.png,,,,The Swiss Confederation,,,Switzerland,,,,,,,UN member state,
760,SY,SYR,https://upload.wikimedia.org/wikipedia/commons/thumb/5/53/Flag_of_Syria.svg/23px-Flag_of_Syria.svg.png,,,,The Syrian Arab Republic,,,Syrian Arab Republic (the),,,,,,,UN member state,
158,TW,TWN,https://upload.wikimedia.org/wikipedia/commons/thumb/7/72/Flag_of_the_Republic_of_China.svg/23px-Flag_of_the_Republic_of_China.svg.png,,,,The Republic of China,,,Taiwan (Province of China),,,,,,,,Disputed [aa]
762,TJ,TJK,https://upload.wikimedia.org/wikipedia/commons/thumb/d/d0/Flag_of_Tajikistan.svg/23px-Flag_of_Tajikistan.svg.png,,,,The Republic of Tajikistan,,,Tajikistan,,,,,,,UN member state,
834,TZ,TZA,https://upload.wikimedia.org/wikipedia/commons/thumb/3/38/Flag_of_Tanzania.svg/23px-Flag_of_Tanzania.svg.png,,,,The United Republic of Tanzania,,,"Tanzania, the United Republic of",,,,,,,UN member state,
764,TH,THA,https://upload.wikimedia.org/wikipedia/commons/thumb/a/a9/Flag_of_Thailand.svg/23px-Flag_of_Thailand.svg.png,,,,The Kingdom of Thailand,,,Thailand,,,,,,,UN member state,
626,TL,TLS,https://upload.wikimedia.org/wikipedia/commons/thumb/2/26/Flag_of_East_Timor.svg/23px-Flag_of_East_Timor.svg.png,,,,The Democratic Republic of Timor-Leste,,,Timor-Leste,,,,,,,UN member state,
768,TG,TGO,https://upload.wikimedia.org/wikipedia/commons/thumb/6/68/Flag_of_Togo.svg/23px-Flag_of_Togo.svg.png,,,,The Togolese Republic,,,Togo,,,,,,,UN member state,
772,TK,TKL,https://upload.wikimedia.org/wikipedia/commons/thumb/8/8e/Flag_of_Tokelau.svg/23px-Flag_of_Tokelau.svg.png,,,,Tokelau,,,Tokelau,,,,,,,,New Zealand
776,TO,TON,https://upload.wikimedia.org/wikipedia/commons/thumb/9/9a/Flag_of_Tonga.svg/23px-Flag_of_Tonga.svg.png,,,,The Kingdom of Tonga,,,Tonga,,,,,,,UN member state,
780,TT,TTO,https://upload.wikimedia.org/wikipedia/commons/thumb/6/64/Flag_of_Trinidad_and_Tobago.svg/23px-Flag_of_Trinidad_and_Tobago.svg.png,,,,The Republic of Trinidad and Tobago,,,Trinidad and Tobago,,,,,,,UN member state,
788,TN,TUN,https://upload.wikimedia.org/wikipedia/commons/thumb/c/ce/Flag_of_Tunisia.svg/23px-Flag_of_Tunisia.svg.png,,,,The Republic of Tunisia,,,Tunisia,,,,,,,UN member state,
792,TR,TUR,https://upload.wikimedia.org/wikipedia/commons/thumb/b/b4/Flag_of_Turkey.svg/23px-Flag_of_Turkey.svg.png,,,,The Republic of Türkiye,,,Türkiye,,,,,,,UN member state,
795,TM,TKM,https://upload.wikimedia.org/wikipedia/commons/thumb/1/1b/Flag_of_Turkmenistan.svg/23px-Flag_of_Turkmenistan.svg.png,,,,Turkmenistan,,,Turkmenistan,,,,,,,UN member state,
796,TC,TCA,https://upload.wikimedia.org/wikipedia/commons/thumb/a/a0/Flag_of_the_Turks_and_Caicos_Islands.svg/23px-Flag_of_the_Turks_and_Caicos_Islands.svg.png,,,,The Turks and Caicos Islands,,,Turks and Caicos Islands (the),,,,,,,,United Kingdom
798,TV,TUV,https://upload.wikimedia.org/wikipedia/commons/thumb/3/38/Flag_of_Tuvalu.svg/23px-Flag_of_Tuvalu.svg.png,,,,Tuvalu,,,Tuvalu,,,,,,,UN member state,
800,UG,UGA,https://upload.wikimedia.org/wikipedia/commons/thumb/4/4e/Flag_of_Uganda.svg/23px-Flag_of_Uganda.svg.png,,,,The Republic of Uganda,,,Uganda,,,,,,,UN member state,
804,UA,UKR,https://upload.wikimedia.org/wikipedia/commons/thumb/4/49/Flag_of_Ukraine.svg/23px-Flag_of_Ukraine.svg.png,,,,Ukraine,,,Ukraine,,,,,,,UN member state,
784,AE,ARE,https://upload.wikimedia.org/wikipedia/commons/thumb/c/cb/Flag_of_the_United_Arab_Emirates.svg/23px-Flag_of_the_United_Arab_Emirates.svg.png,,,,The United Arab Emirates,,,United Arab Emirates (the),,,,,,,UN member state,
826,GB,GBR,https://upload.wikimedia.org/wikipedia/en/thumb/a/ae/Flag_of_the_United_Kingdom.svg/23px-Flag_of_the_United_Kingdom.svg.png,,,,The United Kingdom of Great Britain and Northern Ireland,,,United Kingdom of Great Britain and Northern Ireland (the),,,,,,,UN member state,
581,UM,UMI,https://upload.wikimedia.org/wikipedia/en/thumb/a/a4/Flag_of_the_United_States.svg/23px-Flag_of_the_United_States.svg.png,,,,"Baker Island, Howland Island, Jarvis Island, Johnston Atoll, Kingman Reef, Midway Atoll, Navassa Island, Palmyra Atoll, and Wake Island[13]",,,United States Minor Outlying Islands (the),,,,,,,,United States
840,US,USA,https://upload.wikimedia.org/wikipedia/en/thumb/a/a4/Flag_of_the_United_States.svg/23px-Flag_of_the_United_States.svg.png,,,,The United States of America,,,United States of America (the),,,,,,,UN member state,
858,UY,URY,https://upload.wikimedia.org/wikipedia/commons/thumb/f/fe/Flag_of_Uruguay.svg/23px-Flag_of_Uruguay.svg.png,,,,The Oriental Republic of Uruguay,,,Uruguay,,,,,,,UN member state,
860,UZ,UZB,https://upload.wikimedia.org/wikipedia/commons/thumb/8/84/Flag_of_Uzbekistan.svg/23px-Flag_of_Uzbekistan.svg.png,,,,The Republic of Uzbekistan,,,Uzbekistan,,,,,,,UN member state,
548,VU,VUT,https://upload.wikimedia.org/wikipedia/commons/thumb/b/bc/Flag_of_Vanuatu.svg/23px-Flag_of_Vanuatu.svg.png,,,,The Republic of Vanuatu,,,Vanuatu,,,,,,,UN member state,
862,VE,VEN,https://upload.wikimedia.org/wikipedia/commons/thumb/7/7b/Flag_of_Venezuela_%28state%29.svg/23px-Flag_of_Venezuela_%28state%29.svg.png,,,,The Bolivarian Republic of Venezuela,,,Venezuela (Bolivarian Republic of),,,,,,,UN member state,
704,VN,VNM,https://upload.wikimedia.org/wikipedia/commons/thumb/2/21/Flag_of_Vietnam.svg/23px-Flag_of_Vietnam.svg.png,,,,The Socialist Republic of Viet Nam,,,Viet Nam,,,,,,,UN member state,
092,VG,VGB,https://upload.wikimedia.org/wikipedia/commons/thumb/4/42/Flag_of_the_British_Virgin_Islands.svg/23px-Flag_of_the_British_Virgin_Islands.svg.png,,,,The Virgin Islands,,,Virgin Islands (British),,,,,,,,United Kingdom
850,VI,VIR,https://upload.wikimedia.org/wikipedia/commons/thumb/f/f8/Flag_of_the_United_States_Virgin_Islands.svg/23px-Flag_of_the_United_States_Virgin_Islands.svg.png,,,,The Virgin Islands of the United States,,,Virgin Islands (U.S.),,,,,,,,United States
876,WF,WLF,https://upload.wikimedia.org/wikipedia/commons/thumb/d/d2/Flag_of_Wallis_and_Futuna.svg/23px-Flag_of_Wallis_and_Futuna.svg.png,,,,The Territory of the Wallis and Futuna Islands,,,Wallis and Futuna,,,,,,,,France
732,EH,ESH,https://upload.wikimedia.org/wikipedia/commons/thumb/2/26/Flag_of_the_Sahrawi_Arab_Democratic_Republic.svg/23px-Flag_of_the_Sahrawi_Arab_Democratic_Republic.svg.png,,,,The Sahrawi Arab Democratic Republic,,,Western Sahara,,,,,,,,Disputed [ak]
887,YE,YEM,https://upload.wikimedia.org/wikipedia/commons/thumb/8/89/Flag_of_Yemen.svg/23px-Flag_of_Yemen.svg.png,,,,The Republic of Yemen,,,Yemen,,,,,,,UN member state,
894,ZM,ZMB,https://upload.wikimedia.org/wikipedia/commons/thumb/0/06/Flag_of_Zambia.svg/23px-Flag_of_Zambia.svg.png,,,,The Republic of Zambia,,,Zambia,,,,,,,UN member state,
716,ZW,ZWE,https://upload.wikimedia.org/wikipedia/commons/thumb/6/6a/Flag_of_Zimbabwe.svg/23px-Flag_of_Zimbabwe.svg.png,,,,The Republic of Zimbabwe,,,Zimbabwe,,,,,,,UN member state,
